dv1_x,dv1_y,output
0.9085852634061381,-2.6603564716221104,4.147013925891726
0.9103157901310452,-2.6590565791141567,4.1381333819508415
0.9103794119755165,-2.6616419609326747,4.2185893436592945
0.910424543929638,-2.6594693540242624,4.1524155068224875
0.909874899222551,-2.6588547230379995,4.12458122974977
0.9091135664932216,-2.65858617113507,4.103886018189236
0.9104224787818307,-2.6602430478348547,4.175874325039587
0.9106838915292418,-2.6599482971356294,4.171478292182403
0.9096263115328456,-2.659305514368066,4.133627791181629
0.9089900005486902,-2.6618288117894195,4.199436868958451
0.9087408202679356,-2.659081055668415,4.111889790402849
0.909765146909334,-2.658981948519275,4.126454509248636
0.9100697698962759,-2.6602779698367853,4.170687210297195
0.9106539616805464,-2.6599111306259573,4.169808528944167
0.9092195933588024,-2.6583573204042423,4.099128989618606
0.9099185288927438,-2.6601638588569583,4.164540952396755
0.9108428873799577,-2.659878764247905,4.17215737969061
0.9098870827487819,-2.660726306332212,4.181243781860401
0.9091312116783393,-2.6595148454241953,4.131291327652482
0.9109217751123332,-2.659336108701572,4.157044983508198
0.909434700040816,-2.6575059150510763,4.078798031177006
0.9109499137050193,-2.66071191033425,4.199787267655539
0.9088538170284844,-2.660297191289374,4.149900013808347
0.9105113166455876,-2.66003966697569,4.171203072475495
0.9090264434611893,-2.6606629109590627,4.164065518472649
0.9091090798359562,-2.6581189469678668,4.090545154896386
0.908593670410315,-2.6600339153145733,4.137492755618137
0.9093191920434812,-2.6599293772538797,4.146938596267313
0.909556187493235,-2.6609325160743156,4.18172197830148
0.9086595283313318,-2.660901650175943,4.164880404930276
0.9115673492214428,-2.6596737192840028,4.178711139386249
0.9097826739796915,-2.659935922293975,4.15525764539329
0.9091856898499087,-2.6613137499531216,4.186926406693583
0.9103979449523766,-2.6586783996361483,4.128380191570664
0.9093498576619775,-2.6604513225363604,4.16327289908965
0.9119560925260763,-2.6592560476077383,4.172823503234896
0.910682444727974,-2.659645852822783,4.16224688873886
0.9095762096546285,-2.66086183972804,4.179896889013203
0.9101513134661415,-2.6600084781969255,4.163918243053566
0.9098218234770356,-2.6597921876013975,4.151622445189078
0.909723306101259,-2.6587429273640235,4.118740116741591
0.9087249570918714,-2.6600510127528043,4.140294281533661
0.9094445441967328,-2.6597197766621976,4.142869703191073
0.9095308514459145,-2.6596381390837482,4.1418804920972985
0.9099358888579232,-2.6596423856783593,4.149084476653407
0.9098608447895997,-2.661259634771272,4.197305372304125
0.9105737048021666,-2.6602167157658796,4.177747485103391
0.910965207432411,-2.6585247463443404,4.133579880679915
0.9099115865491803,-2.66045791021511,4.173420947851474
0.9103685146085622,-2.660167732001421,4.1725931430208405
0.9100165880567234,-2.65972742927722,4.153030130880473
0.9095165050488918,-2.660321247404073,4.162259057462145
0.9107960749866979,-2.660476177752449,4.189687461128261
0.9079943972825312,-2.6609877314777,4.155790620880876
0.9101141549872164,-2.66117198726238,4.199137897531875
0.9111651859887631,-2.661128725825346,4.216665742677656
0.9102768832234979,-2.6593738720483113,4.146971669231322
0.9089145878130818,-2.659534662425731,4.128160976353165
0.9108080596424446,-2.6594584574771956,4.158752886620006
0.9081092864392799,-2.6604974199663123,4.142993776061116
0.9094835825282883,-2.6610773002293517,4.184932199528625
0.9093083441442698,-2.6589588113495757,4.117950547743917
0.9099785772984517,-2.657766852788969,4.095027525502054
0.9088179896244165,-2.6613986202877746,4.182973432638748
0.9091643912675028,-2.660282292063727,4.15489171130381
0.9105081466807099,-2.659196839519616,4.145676819902263
0.909563926850982,-2.6584570091263955,4.107791374559399
0.9113360006514313,-2.6606265223926266,4.204010270499779
0.9107219660844648,-2.660155658240313,4.1784981083983155
0.9091721402756959,-2.659554162377453,4.1331490268276685
0.9093717372747648,-2.6584273489559433,4.10367494161221
0.9095775477036266,-2.65875937200438,4.11673026794641
0.9096276260311899,-2.659418090804093,4.136974504610338
0.9106679498501157,-2.659376892715377,4.153886618374068
0.9109619540119028,-2.6610711447972593,4.211169929773184
0.9113991399174113,-2.65883630303841,4.1504024121573515
0.9100282202155853,-2.6606436457378253,4.18120341102582
0.9110904799086653,-2.6606666165056785,4.2008508073075514
0.9102251144441267,-2.660226083260729,4.171844580648329
0.9114545576475286,-2.6600050426465667,4.1869130183014525
0.9096241302023519,-2.659800937124702,4.148401522157127
0.9081816357787823,-2.6585341469227286,4.086912585133112
0.9095686303855272,-2.660438669821386,4.166746369032155
0.9097667848492617,-2.6600609566088025,4.158748332447622
0.9080157447095919,-2.6597510391578614,4.119148105275484
0.9103656523498528,-2.659742734425346,4.159603799469999
0.9101232890915538,-2.6601312927287344,4.167144890396352
0.9111322466586403,-2.659428548837271,4.163539509414095
0.9088999531890529,-2.6598975870516677,4.138697368832819
0.9103720015528194,-2.6611214216999772,4.202140627889647
0.9097727864588616,-2.660061240424225,4.158856586534301
0.9103480282106625,-2.6583312850318612,4.117391546004459
0.9095364016006094,-2.65941619274441,4.135343503573469
0.9095241024615591,-2.661007400371234,4.183442657586154
0.9101799651741532,-2.660117305567247,4.167712974360334
0.9097050397216013,-2.6600151052496144,4.156282413997689
0.910693864974471,-2.659683477606922,4.163576017555277
0.9095218835089515,-2.662408312492859,4.227285767949802
0.9101306807338906,-2.6600631741587444,4.165219943017526
0.9092938444701633,-2.660532888550106,4.164775120255127
0.9097266053651831,-2.6606587022645223,4.1762973389230185
0.9103578639220526,-2.660438373048418,4.180734551803301
0.9102692136605453,-2.6592581303740235,4.143335955481607
0.910356950633576,-2.65893189395664,4.135149412822954
0.9119785161480025,-2.66028511782683,4.204905054474655
0.9110245917309293,-2.6586723914775225,4.138982152223804
0.9105929533048849,-2.6596232401354944,4.159964861670472
0.9110504532784633,-2.660119603866326,4.183227931293397
0.9112223932495844,-2.658262633759231,4.130308140672474
0.910258232415323,-2.6605700655038667,4.183021176883095
0.9072164638953732,-2.659752639773739,4.10560602149579
0.9103484683064152,-2.6595671399435425,4.153996595586797
0.9088870373908964,-2.660263700934794,4.14947737869131
0.9079859054092884,-2.6607481132401354,4.148376166470567
0.9102081345929698,-2.6601600072459926,4.16954944679489
0.9092899922537742,-2.6608873834645146,4.175615095612801
0.9102266967281406,-2.6615607690577434,4.213287934339858
0.911022657115527,-2.6601525031368594,4.183748116044455
0.9094081932058498,-2.6592812534388477,4.129181846175458
0.9120241751427994,-2.659734056918984,4.1886840979946065
0.9103383361851274,-2.6586893322326888,4.127684440405327
0.9086353604033093,-2.660006882348977,4.137417530595258
0.9098997127071985,-2.659512808826037,4.144571573280244
0.9075466318897671,-2.6612926922174633,4.157254845297502
0.9099073314004742,-2.66045997915957,4.17340848922534
0.9107812192507152,-2.660270002809425,4.1830763174307934
0.910465843309705,-2.660327410855912,4.179229820497067
0.9087250292742151,-2.660479438808014,4.153168316218492
0.9107791421264312,-2.6589550587314412,4.143112696577519
0.9090437069665295,-2.661225555419693,4.181656902398689
0.9102937673949328,-2.659428308579677,4.148862970739523
0.9093847155220298,-2.6585046992542147,4.106148616002451
0.9106068208077042,-2.660596131612477,4.190020521752036
0.9095601606325643,-2.661664734207069,4.204532698133777
0.9100998508569789,-2.660636140205378,4.18223870872491
0.9127054556677894,-2.6607676892330323,4.2331342532325875
0.9091775161271043,-2.6622996039034836,4.217612721809891
0.9112362816729634,-2.659335331097366,4.1625399493612125
0.90921481134678,-2.660219214821687,4.153865681064314
0.9097193090018516,-2.6591096296814976,4.129431442512124
0.9079592868610101,-2.660660844502589,4.145278444606951
0.9118228568122592,-2.6591620088071237,4.167628566278584
0.9091014932554369,-2.661357499720923,4.186776317214591
0.90966699203468,-2.6589331001356507,4.123337019740488
0.9110167429096833,-2.661537304427346,4.226810718619813
0.911081969373565,-2.65991216338965,4.17740664413409
0.9116851087954342,-2.6591794646012974,4.165757016969938
0.9093669555883882,-2.6584039397699666,4.102923477572627
0.9115179242602205,-2.660131346932975,4.191898451176014
0.9085168044033068,-2.659561973321745,4.122130813570327
0.9091536355122775,-2.6590438537502763,4.117846313293899
0.908504580029427,-2.6616490045113914,4.185186246917187
0.909883098208308,-2.6599114247723654,4.156267989592672
0.9090792083458824,-2.659632370948937,4.133914665325046
0.9094608748429637,-2.660622331346265,4.170491081817764
0.9090282307291194,-2.6596907796806066,4.134782892897785
0.9109753313158806,-2.6603756518303503,4.189797433261491
0.909391640013753,-2.6610959870486135,4.183824879164019
0.9106478714394973,-2.6608578776864817,4.198918671081805
0.909735401209351,-2.6613068681877823,4.196543307035937
0.9103466097494656,-2.658177392775102,4.112939704710581
0.9093018191223291,-2.660910437902462,4.17653270189206
0.9096961568331687,-2.659789775675225,4.149347253538301
0.9101571530246467,-2.660031987098868,4.1647536694694205
0.9108723677277688,-2.6592721920327964,4.154308053392687
0.9081651550800652,-2.658830216762226,4.095017286626941
0.910640170275178,-2.6593949709481266,4.153913319311523
0.9105377664819506,-2.6598518333341366,4.165968944195157
0.9096102376207921,-2.6612065536185057,4.1911569229995616
0.9114396391060694,-2.6598326063095445,4.181316263078468
0.9114591809592227,-2.659730172431557,4.178523306669779
0.9100631706797502,-2.660485410612304,4.176946752262055
0.9094852992993362,-2.6598080401849553,4.146182997770492
0.909539344272378,-2.659441191370832,4.136201636616592
0.9100547010312173,-2.659957367510899,4.160653744879285
0.9082934802438025,-2.657886185140479,4.070783457081953
0.9104400999374583,-2.6576386963692578,4.099024575021033
0.9088569731919249,-2.6607353491680383,4.163272300621409
0.9102041903152869,-2.6606026920701984,4.183066193171772
0.908785782747651,-2.6601706475535485,4.1449071022800075
0.9105562008145661,-2.658482730230023,4.125359959508256
0.9107973831974794,-2.658279527492387,4.123521139178561
0.9094621350452816,-2.6573177676566506,4.074061204578167
0.9100863214685199,-2.6606695018495246,4.18303260275746
0.9081389721073819,-2.6582523847922723,4.07834194629019
0.9108189371229377,-2.6596756255534295,4.165551172450567
0.9098403282891944,-2.6586822754949138,4.118960319280285
0.9088167468066839,-2.658515278044037,4.096944674436091
0.9092986039280654,-2.6599715164788242,4.147869713746106
0.9100009000251983,-2.6599277217304325,4.158820013196134
0.9087141881856093,-2.662434675657656,4.213539550172952
0.9119772866410155,-2.6586883429619066,4.1560080157177985
0.9089174618367551,-2.659314675137358,4.1217007562723325
0.9106480563620583,-2.660742944045253,4.195346729598999
0.9112119649324366,-2.6605270398126435,4.1986955499150405
0.9084798193729983,-2.659045138565928,4.106442228154527
0.9105386130865475,-2.6618337379446797,4.2275222171760145
0.9098907058978342,-2.659792229306403,4.152779057483987
0.909326823812886,-2.658002129241349,4.090853562397692
0.9117605233166924,-2.6589346308096906,4.159620133758863
0.9081250690997381,-2.659994682573615,4.1281876018318755
0.9112693491060153,-2.660982492916476,4.213939017933842
0.9090436148312926,-2.659177983644624,4.119877352043643
0.9103205474906667,-2.6588071559743227,4.130835668363778
0.9094868448275425,-2.6591598175113518,4.126906275531322
0.9099795200565032,-2.6616149208704183,4.210514817966642
0.910227835558973,-2.6587351389502203,4.127119189064909
0.9093592874674942,-2.659236404256468,4.12698166473857
0.9113779503032534,-2.6584618931902635,4.138844062185703
0.9106962128914193,-2.659764057988767,4.166066257638775
0.9123236008936045,-2.660721321898623,4.22476357959315
0.9091302785987141,-2.6590518215588723,4.117683592948067
0.9103193652942294,-2.659896797858016,4.163492595616659
0.909590722563407,-2.660002007983681,4.153857431611399
0.9095382599020656,-2.6597155343226775,4.144369732171367
0.9103401976096986,-2.659543917275709,4.153156914949621
0.9110580140917359,-2.6595263013855557,4.165224235698926
0.907347897686278,-2.65979201593454,4.108982712955786
0.9103691522841354,-2.6609306082973405,4.1961651919364975
0.9096754218949176,-2.659087341163563,4.128046199672774
0.9087444072060473,-2.660218378959945,4.145626224860034
0.9090456169157308,-2.659815005212248,4.138728401149774
0.9097038242956726,-2.658642719570956,4.115491591106636
0.9102222619049322,-2.658394299403964,4.117072027396372
0.9098705885194578,-2.6597918766015622,4.152426766379476
0.9100436953947596,-2.659260996125193,4.139500418609656
0.9096675278544327,-2.6606775634065207,4.175826906488432
0.911113412382301,-2.6592340696692274,4.157336910043903
0.9101059681810804,-2.6590251801835847,4.133587950989941
0.9087572043027603,-2.657930904688238,4.079522206358415
0.9107271653574499,-2.658943801609117,4.141914809317872
0.9108727544083902,-2.6612789650671074,4.21609060019874
0.9085696046344324,-2.661163285970868,4.17132341518494
0.9099590610756676,-2.6591743260388943,4.135471426070765
0.9085616815153627,-2.659865193536732,4.13185986081238
0.9106195707300804,-2.660681355333387,4.192883120515599
0.9093945487848915,-2.6603045623029056,4.159605937888159
0.9105591804306404,-2.659146287806574,4.14506394206478
0.9100499565868791,-2.6592649039256204,4.139764208040297
0.910499497348654,-2.659352452674229,4.150160265627849
0.909409932933349,-2.6613698842702513,4.192652249175259
0.9092521521566392,-2.660229825749804,4.154836173585093
0.9110899861837822,-2.658943874286819,4.148200738770737
0.9095415725376677,-2.658793000393732,4.11709899505038
0.9100532981643642,-2.6614829106346924,4.207732210366789
0.9111118326668254,-2.6596745182796226,4.17068163290519
0.9111903151253753,-2.65876900644882,4.14469850178012
0.9106356695705894,-2.6600758991558195,4.17450393964701
0.9098159603466296,-2.6619453092345022,4.217973996927604
0.9113833997627603,-2.6599986914517446,4.1854272235760135
0.9103990086237399,-2.6611891232752116,4.204760317564678
0.9105620541298591,-2.6608314886414974,4.196537431812508
0.9105639362534659,-2.6601596645784986,4.1758099048266715
0.9097767158140014,-2.659723172805621,4.148711694885609
0.9069146859290995,-2.6616073158035616,4.15570658130288
0.9091157608810361,-2.6592698034089826,4.123775832265962
0.9093356577982634,-2.6612856394451,4.1887307906715705
0.91130343621608,-2.6625447189839675,4.264016224582176
0.9087990062134171,-2.66002770890257,4.140877754500841
0.9088791658705926,-2.6592333681581435,4.11870901352731
0.91003159114772,-2.6604425428087493,4.175087199521013
0.9113688869656685,-2.6589849679144124,4.1542914369032315
0.9094096102164564,-2.6600727573038165,4.152859406005098
0.9098206399812326,-2.660746111130891,4.180671245456633
0.9089999739093179,-2.6612051015940557,4.180249390853689
0.908348264319926,-2.6608356077316593,4.157390828119284
0.9111703021213575,-2.661512450739994,4.228834601216751
0.9080016851956948,-2.660030773951394,4.127127830713837
0.9101831008243388,-2.6578287619720813,4.100186872215007
0.9103571298265045,-2.660866112962176,4.1939486274729445
0.9089128055907704,-2.6626626962366444,4.224302747139642
0.9088723392832962,-2.661294622401094,4.180745260792109
0.9109800698412992,-2.6593568274667736,4.158703008484243
0.9100765363063353,-2.660497538445203,4.177546306525917
0.9101227655770294,-2.6602343915683053,4.170287069813366
0.9089162612240962,-2.6590690416747633,4.114504063248416
0.9102984593503898,-2.660309526414386,4.1757335408156955
0.9105640230048505,-2.6615470942919788,4.2189217399332835
0.910017589582919,-2.6587959232825455,4.125331907905055
0.9105295272872119,-2.6601449098869376,4.1747625489218905
0.9086853682629532,-2.661027712141686,4.169208718339654
0.9100397238011811,-2.661359693321706,4.203633813699498
0.9098605042114358,-2.659737190045184,4.150584907961603
0.9095907706842791,-2.659717118387263,4.145309616265266
0.9104206337484095,-2.659372643668285,4.149400551111152
0.911061469617816,-2.6591666488442334,4.154394103833218
0.9106352247032058,-2.6604532141164694,4.186146241495491
0.9097228396077065,-2.659837239780032,4.151200849384284
0.9105163538781653,-2.661323406282855,4.21104781205288
0.9093171722593721,-2.661658872074959,4.20001066451111
0.9108529128651228,-2.6609328368329903,4.204889392691135
0.9086925390994335,-2.6606621159875368,4.158158474173202
0.9101534581660679,-2.6605006235362585,4.179018239207446
0.909429925044146,-2.6607602095122402,4.1741677845680565
0.9089833678571547,-2.6607423515624062,4.165751411300068
0.9095990718410736,-2.659801471417029,4.147967055997948
0.9109022264369799,-2.6607067988513746,4.198774816643055
0.9114634576326234,-2.6581019646238078,4.129697057531363
0.9099183363959118,-2.6609328499694396,4.188193738419945
0.9124084867052139,-2.6592616763049506,4.180987917444943
0.9084749349351616,-2.658255465585033,4.083937304396889
0.9088478801444773,-2.659275205410403,4.119386340758285
0.9103001727007903,-2.660246122234428,4.173802093406774
0.9119017260905457,-2.6597318093902507,4.186431587428881
0.9100751790987687,-2.660141395610327,4.1666411070498635
0.9100143898417434,-2.6609264664562566,4.189676611041687
0.9100551206818972,-2.6602814088403255,4.170549959956827
0.9104247981819984,-2.6607751611152586,4.192318798920004
0.9102931751459005,-2.6595142994339187,4.151421609289529
0.9087981996882215,-2.6614268331924493,4.183523447210594
0.9106720536373084,-2.6607680312739577,4.19653107418827
0.9093260364006654,-2.659255259590882,4.126991123223368
0.9085760646042003,-2.658436805678501,4.090685325099745
0.911195431993401,-2.660084580038009,4.1847405045697075
0.9096959027173436,-2.6612943108114875,4.195440299268251
0.909777546122875,-2.658981544502483,4.126673228104439
0.9110095748330663,-2.6596139522834674,4.16702853439708
0.9084698965980162,-2.658638834651501,4.094682870125474
0.9100461762326056,-2.658691358780151,4.1227163149390655
0.9100412919939683,-2.660586931017962,4.1796861726671315
0.9085591512332933,-2.6598503767438886,4.131374298929868
0.9100526146029102,-2.661893068846264,4.220591750029041
0.9095129998850059,-2.658876890113511,4.119085358465607
0.9087991129269521,-2.661078110526327,4.172764036151172
0.9088617088192537,-2.661380040072641,4.183196876651936
0.9075865171256832,-2.660215883703541,4.125479428308023
0.9102013301779914,-2.659510943849498,4.149730818163695
0.9095510081350794,-2.660079125594813,4.155516145729623
0.9087637303016286,-2.658957985152494,4.108714628281761
0.9096074965243726,-2.6609054071483262,4.181796920867093
0.9096867030585457,-2.660386643321355,4.1672763778590145
0.9087229047919495,-2.659995484634468,4.138569019248411
0.9107767454098462,-2.6614576360291116,4.219954372891125
0.9111900617794737,-2.6591524704199205,4.156218043618937
0.9099791460419052,-2.6591666448383044,4.135590624933352
0.9110657091483386,-2.6607590308940927,4.203290280842062
0.9080475461037768,-2.6604725087313335,4.14112828845815
0.9112324084978597,-2.660301644858153,4.192095338653637
0.9126682264738684,-2.6615239794369185,4.256354364602583
0.9107455406457375,-2.6583191856402317,4.123800166502834
0.9106399952513954,-2.6604136926429005,4.184988319226785
0.9105343606456435,-2.661191475931408,4.207243131960086
0.9087441513447725,-2.6592960192199486,4.118227895819753
0.9108651070423286,-2.661097711373161,4.210276231476593
0.9098335320929498,-2.6603292134526155,4.168075429714791
0.9100367279133547,-2.6611530182133105,4.1971374281558225
0.9090111215050868,-2.6613734537307177,4.185660367080137
0.9101278567460359,-2.660450843558867,4.177033314097322
0.911198783686295,-2.660141023734229,4.1865470396780085
0.9085660028075977,-2.6600740051643017,4.138185990664082
0.908115033211399,-2.660354562769539,4.1387999195681795
0.9105535825975876,-2.660464020010727,4.18500743272822
0.9092448163521948,-2.6601938938878007,4.1536317402575405
0.9104646366594776,-2.660269547744658,4.177429876154552
0.9091897000001531,-2.6589820784195513,4.116625260519365
0.9105698334851139,-2.6614061149318307,4.214620247184181
0.9106965556126654,-2.657203613117621,4.091054237814833
0.9094728018295357,-2.660257379373543,4.159548183867944
0.9111513281619077,-2.6603232320752896,4.191294783466285
0.9104916292026867,-2.6585645623049126,4.126638190241711
0.9103932093219625,-2.6601653016106623,4.172955076677048
0.910143592836623,-2.6603025952837345,4.172776849035229
0.9097966886348936,-2.6594478647700184,4.140800734971121
0.9093393265978347,-2.660622827200288,4.168326937392422
0.9100440948767754,-2.6593190626174925,4.141242534681314
0.9091086502266245,-2.6596543854994437,4.135090690899114
0.910380248614926,-2.6592520569426132,4.145077154143382
0.9088626942857264,-2.6601685740009886,4.146182880111731
0.9080450667005303,-2.6599168505091813,4.124521319486115
0.9105685122490444,-2.6610685515739916,4.204027714001375
0.9089196491339456,-2.657916949188611,4.08179400734366
0.9098898626096474,-2.661290074641832,4.198797601460049
0.9097001501111748,-2.66123714129896,4.193734050572644
0.9108089795453539,-2.6608366990201224,4.201104742512811
0.909807014283808,-2.6605731976972944,4.175105377525444
0.9110398130840428,-2.659966285119228,4.178322005609749
0.9087244460010723,-2.6610830772585627,4.171590445646601
0.9108064933485133,-2.659917311156579,4.172669610394991
0.9112411806701822,-2.6620146955658712,4.245979300886575
0.909245335016515,-2.6589842859214325,4.117645657357446
0.9116685880635734,-2.6593997898984734,4.17213721448485
0.9091161156381303,-2.6591524453180417,4.120363469465645
0.9097564541337937,-2.661373118867016,4.198975691732346
0.909221941885651,-2.658622245740309,4.106796472059368
0.9074088573275036,-2.6610422372749474,4.147175145070799
0.9100879612053125,-2.6605203274170144,4.178464187346137
0.912089396131607,-2.659756450437229,4.190536372098698
0.9097059859731741,-2.660477480667435,4.170369876749906
0.9111228542742593,-2.6593071640543053,4.159707011228214
0.910460479520019,-2.659733057459217,4.160987790665729
0.9095831320857115,-2.6618494385350724,4.210759804226826
0.9086508566378759,-2.6592187913711736,4.114373026783983
0.9121457709181945,-2.659063366580485,4.170311418607896
0.9101090832006576,-2.6591318634387546,4.136802998658295
0.91038399285443,-2.660047752447172,4.169219557941399
0.9104752574044029,-2.6614906253563135,4.215558862961673
0.9108871169641695,-2.659217962555557,4.152878102110143
0.9096613612729374,-2.659807596982683,4.149276373386972
0.9099969082759315,-2.6615642414646077,4.2092623466954215
0.9097096497864369,-2.6593449175278217,4.136226588465247
0.9110873548969673,-2.6583770092666743,4.131342210095703
0.9089009005169363,-2.660987105100661,4.171755196326298
0.9110446984932885,-2.659153811546522,4.1537152216612085
0.9084396611472774,-2.6595196641039314,4.119586488552376
0.9110484225316944,-2.6599896073690377,4.1791942420956305
0.9105366819399016,-2.6609121801585323,4.1985993686286
0.9098401593795514,-2.6606373303587434,4.177678675925193
0.9113762923074267,-2.6591083290224313,4.158140662286696
0.9102534307248763,-2.6598860542028073,4.161977833910204
0.9106042021014923,-2.661664684152967,4.223365051979161
0.9100573435305676,-2.658244623727809,4.109985231046046
0.910510694333535,-2.658764197319595,4.1328269732193865
0.9089961614521624,-2.6595255221472454,4.129289918896211
0.9093882473791446,-2.6590898757307264,4.123169666465951
0.9092297236098748,-2.6592740670854713,4.125897857931186
0.9099264258221639,-2.6591144011329093,4.13313779099656
0.9094715850399728,-2.660737654282773,4.174200374490039
0.910444548731619,-2.660382302723494,4.1805490350272665
0.9099008266416557,-2.660554393832951,4.1761800334623995
0.9078847983829595,-2.660998428241214,4.154210955117045
0.9096030210668403,-2.6600497853574834,4.155533811617916
0.9094567626152369,-2.6589406780212963,4.119954170384403
0.9085435769704601,-2.661458931165109,4.179986806321691
0.9087565955936768,-2.6600170752881316,4.139828775691703
0.9089535806462046,-2.6600484620932194,4.14414000482308
0.9101132893930283,-2.659914391932553,4.16040890209587
0.9087210791163768,-2.658887864733245,4.106007078859125
0.9097468493282642,-2.658301103090999,4.106385254398475
0.9095072308712959,-2.658663013855622,4.112755095984593
0.9100869391589009,-2.6603302293193494,4.172605031434033
0.909376130099817,-2.660370042648169,4.161299751445986
0.911651298371202,-2.6598825209653425,4.186636440415585
0.9110945386734767,-2.6585496696796236,4.13656497263878
0.9107321789226172,-2.6595205875435983,4.159322988417684
0.908536768625706,-2.658960894099181,4.104991317382885
0.9100985687235741,-2.659984940606834,4.162272467076464
0.9107726994075815,-2.6597260809876393,4.166270630969768
0.9089967885859447,-2.6606024623569433,4.161725219984442
0.9109005074260661,-2.659845854749383,4.172154066670325
0.9106027471406299,-2.659089857791014,4.14408904029201
0.9083037134100445,-2.65918309340393,4.107458154170089
0.9091023047002221,-2.658871842428955,4.111950646981482
0.9106874945901698,-2.660077442589176,4.175481622767748
0.91140997761763,-2.6606432522757713,4.205878510036421
0.9115448445677671,-2.659365306801114,4.168906400140351
0.9109512883121628,-2.6590173038208804,4.147988123819863
0.9085413351568572,-2.659670204036216,4.125771411635592
0.9106565889274858,-2.6603092688432324,4.182068858099095
0.9098058574617232,-2.6602645635041964,4.165629858954885
0.9090064676228646,-2.6597765214816893,4.1369499118912865
0.9095758557127694,-2.6611529637674294,4.188873918021145
0.9078929491218928,-2.6582914835709333,4.075452108119452
0.9109659632299708,-2.6598315661828447,4.172909553314284
0.9106953398124131,-2.660612409242187,4.192112245395135
0.9090420201179127,-2.65978136215362,4.137689260084425
0.9100906528284215,-2.6606346260233926,4.182044491338109
0.9116066349874271,-2.6584560705801517,4.142624690739818
0.9096195852823161,-2.6600460606664744,4.155709572020903
0.9110093944264313,-2.6590069761149744,4.148726207060409
0.910027890677053,-2.661120444620747,4.195965645536166
0.9099744443560369,-2.6613283712929032,4.20146950673327
0.9094704041576391,-2.65960445082247,4.139818233195868
0.9086502487931261,-2.659990541003654,4.137167568489964
0.9124922392861349,-2.6585398372169027,4.16054615622224
0.9096305709337414,-2.6592141584639504,4.130994057562354
0.9109873510376635,-2.658577709123161,4.135534243124089
0.9102997247724591,-2.6587976535677944,4.130205446538147
0.9120790386277876,-2.6598119177562953,4.192039016716255
0.9102791571299518,-2.6605723616737085,4.183465072772264
0.9094092264365449,-2.6615359563176164,4.197846421428684
0.9105452848426817,-2.660925020626172,4.199175647333983
0.9088699900366191,-2.661802728463325,4.196497795454482
0.91054815581588,-2.6589832963482514,4.139975433818889
0.9092918450288859,-2.658444230454266,4.102822559222309
0.9101826343598778,-2.6594784534978673,4.148430800676827
0.9098043848007971,-2.659739035664385,4.149705386103065
0.9088847822830317,-2.661598754847855,4.190409008453333
0.9105480785052217,-2.6605231657793,4.186725683130141
0.9114978704189093,-2.6587913673991137,4.150786895430616
0.9114777997225694,-2.661010580533069,4.218578835657068
0.9101191041362189,-2.6589353989990867,4.1311583106756675
0.909552396362603,-2.6599071891786172,4.150314592165882
0.9089893832550244,-2.6587523885063926,4.106587946851519
0.9099467847468264,-2.6611846162701434,4.196511948171353
0.9115291623260187,-2.65933548544699,4.167712855024563
0.9108748699145516,-2.6599952453236075,4.176286425659468
0.9109924968557592,-2.65938862872202,4.159895517339082
0.9105897447541981,-2.658307170928786,4.120784258111928
0.9091873371153523,-2.659868887302797,4.142863330769628
0.9108942870869977,-2.6598039616522313,4.170799296318281
0.9098324869380382,-2.6597147404811694,4.149434341870011
0.9085942086268564,-2.660254709497079,4.1440947798306
0.9100658232441615,-2.66151382690607,4.208912120803277
0.9105657059386092,-2.660180003732229,4.176460639413762
0.9116897453693733,-2.660724124509702,4.213437836353493
0.909667876545401,-2.660443809010546,4.168663947937731
0.910224804282616,-2.6603935702524413,4.176989417477176
0.9113778659685075,-2.6600161971739604,4.185879171900668
0.9102100159314398,-2.658929125791245,4.132536389015392
0.9096485918722474,-2.660569875526302,4.17220567530741
0.9105890778820354,-2.660968899946293,4.201282150837717
0.9100457364374206,-2.6609163818942623,4.1899302392544335
0.910231750698196,-2.6606392244589725,4.184684729387701
0.9090773473734637,-2.659530520105128,4.1308434255904505
0.9095121767269876,-2.6594871297833502,4.137090217743875
0.9093108577519483,-2.6587629348557935,4.1123280409340905
0.9105317451803996,-2.659509475148017,4.1554551329707685
0.9100399206334353,-2.6609951105936585,4.192269334505721
0.908808176037119,-2.660004358752081,4.14033942142815
0.9080332543594115,-2.66104281546073,4.158118614899672
0.9108051867723935,-2.660245913654728,4.182758481485364
0.9092856140524561,-2.6595520734494986,4.13504628404927
0.9094155150833105,-2.659412897612427,4.133200284477317
0.9099846886660353,-2.6598298808089,4.155552396730933
0.9099906092722075,-2.6596195407308802,4.149322105164725
0.9094426046496398,-2.6590416089414832,4.122684199124812
0.9094157948916339,-2.660788206683027,4.174766731602559
0.909031349081025,-2.6596353746917325,4.133161299233644
0.9105188528420675,-2.6607364006379584,4.192795526480834
0.9107547825030422,-2.6614801996686857,4.220271026720401
0.910576491126398,-2.660373694002396,4.1826384530687974
0.9107936387511976,-2.6591476594167114,4.149180587200567
0.9103433414157491,-2.660193549439521,4.172944686890636
0.9098023515811128,-2.661756874109303,4.2118160794851445
0.9098987572802639,-2.6578334042984046,4.09555638457781
0.9100411736107115,-2.6588401797968926,4.126998406225441
0.9113982644243978,-2.658444655801315,4.138692144917972
0.9087445620845671,-2.660333748767501,4.14909289122653
0.9094627930124992,-2.658693581397236,4.112878534395659
0.9111479779774813,-2.6604395973536796,4.194838420920254
0.9111865689088579,-2.6596480674524945,4.171183812087649
0.9110808349245256,-2.6600217899619527,4.180760518252696
0.9118068727872021,-2.6592889517404226,4.171177684725831
0.9098492268522924,-2.660847812678149,4.184316804852539
0.9082303281488543,-2.6621033015009106,4.194422011166871
0.9115430516141122,-2.6584808061931953,4.142259499030207
0.9111260489427065,-2.6609752515302927,4.21112447878659
0.9107063004635961,-2.6576827614630036,4.1047466322484745
0.9088967513482196,-2.660548342854243,4.158272211484094
0.9096930815625273,-2.65946470766205,4.139540243221106
0.9091338761517078,-2.660245477534303,4.153246582998088
0.9095034381246234,-2.65964810804814,4.141718411419891
0.9103579275332658,-2.6615375794814415,4.214915609474694
0.9105308281000098,-2.6609770156118286,4.200489444729762
0.910747498631735,-2.661813236074699,4.230661075479938
0.9101729865558921,-2.6595764205075656,4.1512463879064425
0.9093184427031054,-2.6588354763514555,4.114546164174483
0.9109530261749051,-2.659419771873443,4.160149563356309
0.9110299076778967,-2.6622372528043043,4.249246274698327
0.909714011498571,-2.6618228068247856,4.212273910036151
0.90997879293233,-2.6599742389652543,4.159837126546604
0.9081734609205796,-2.6614921868278962,4.17443808062921
0.9096192288580802,-2.6605794532656457,4.171952596983136
0.9103217703650985,-2.659760320793976,4.159369133576504
0.9097621764744921,-2.6594734727902885,4.140970620805881
0.909810247162871,-2.658902377486361,4.124894373004608
0.909933021934164,-2.662503154189686,4.237728756642765
0.9099116419821484,-2.661046229301328,4.191590041877271
0.9105697640949769,-2.6586179029034636,4.12954312967696
0.9100878449326362,-2.658292015308781,4.111861712578449
0.9107745980960729,-2.6592254858507562,4.151154833109439
0.910093930197412,-2.661133645835175,4.197558622646536
0.908922556198083,-2.6603139189541194,4.151610759456886
0.9099955469284288,-2.66027559772912,4.169301353746309
0.9115010726462008,-2.6602710643685845,4.195944810779223
0.9096201231572076,-2.660339460327355,4.164641254049593
0.9111869774103148,-2.660286237262148,4.190778269744304
0.9102427974965632,-2.660437738339219,4.178667678757089
0.9099687086129662,-2.6607705047555457,4.184057771167962
0.909984272043207,-2.6604506999557147,4.1744961041974635
0.9082286419603047,-2.6609004027485743,4.157259130457322
0.9119357388855169,-2.6583926336376793,4.14643525399195
0.9100971578987807,-2.6589977937909177,4.13263018220957
0.9101364980929656,-2.658739509812349,4.125672619342303
0.9105500701565543,-2.661713181455373,4.2239137576647625
0.9082368678140549,-2.6604301698313244,4.143127733778975
0.9104463325093461,-2.6610201585301554,4.200335508098747
0.9079449670733639,-2.6589921258554345,4.095994773354503
0.9082529520577529,-2.6585344207352795,4.0880914972868325
0.9109506126121114,-2.6590297293097853,4.148351596537118
0.9104523776762066,-2.6605678704342433,4.186404044261914
0.9093246156166573,-2.660390861485278,4.1610129043547825
0.9098056175071992,-2.662251996038202,4.227462330609783
0.9092165241022387,-2.6604645109658698,4.161350215773346
0.9100450367485571,-2.6603903170176735,4.173724144220703
0.9117989584410165,-2.6587330843540995,4.154256265947868
0.9111490383003968,-2.6598598524580983,4.1769945070928705
0.9099806202628612,-2.659591251238535,4.148305581057104
0.9097880636558653,-2.6598356250612247,4.152320360657111
0.9117269798587297,-2.6606509689481617,4.211786245746843
0.9107262548912786,-2.660053932493257,4.175449046550439
0.9102024025460009,-2.6590256067490303,4.135269736931109
0.9093773700852374,-2.660175447084957,4.155386925401884
0.909866445908862,-2.662184330699557,4.226420059941347
0.9109021182220192,-2.660000019851072,4.176917376292086
0.9105646846285496,-2.6607709652829725,4.194711639736923
0.9120715830629438,-2.659882257398075,4.19408214264642
0.9099482796090382,-2.659501119397774,4.145063854313369
0.9089392924060203,-2.659721290184861,4.134146770673326
0.9117985034209602,-2.661369145457025,4.23565990098166
0.9094922354165942,-2.6605146940820315,4.167764362050201
0.9108798290560978,-2.660193738080656,4.18247994434075
0.9114907866081511,-2.6603602547537015,4.198530990294579
0.9110732259688856,-2.6596627729559956,4.16963609486539
0.9110896832498853,-2.6593403812108813,4.160138236127887
0.9109575265266503,-2.6593281761773526,4.157457430894559
0.9108233421818351,-2.661455783839369,4.220745615617882
0.9116431015437748,-2.6606606020294143,4.2106007213192145
0.9100379851437315,-2.6589723307421593,4.130851446982807
0.90919950546248,-2.6604470128110385,4.160518514619657
0.9115472648577828,-2.658852490676745,4.153438301741305
0.9110490127887662,-2.659851451529267,4.17497825970009
0.9117798699436177,-2.6596003149741434,4.180223181476889
0.9085810373858959,-2.661008912042763,4.16676760138906
0.9110317886765243,-2.658071961863592,4.121459877955847
0.9096523220522708,-2.6599006412632398,4.151880385481018
0.9097598810776076,-2.6606175857460053,4.175633662676075
0.9086531778408907,-2.660316032057073,4.146973546626788
0.9108461641976884,-2.659899998744732,4.172845018805051
0.9093338604698142,-2.6598577052018344,4.145032655031381
0.9104006401050405,-2.661189998085522,4.204819334749853
0.9097863454281103,-2.661521957942194,4.20416626087883
0.9076210884100366,-2.658984799488742,4.090375529584509
0.9108654132276575,-2.659591303078162,4.163789884298321
0.9110455830638691,-2.660839535941214,4.205461665891921
0.9108828107555491,-2.6576262907634396,4.1060848135642605
0.9086565049614003,-2.6619578679863345,4.197530216303742
0.9097401551576729,-2.658929809576806,4.1244958847555475
0.9115395589966432,-2.6597820887853634,4.181538486771874
0.9103252159530856,-2.6585906379992124,4.124541964488639
0.9095210105314132,-2.6588368520282675,4.118026220885907
0.9114088988608644,-2.6606382844587166,4.205712507213543
0.9106398344715428,-2.6597098618848016,4.163426663894318
0.9097044295901762,-2.6593337854828993,4.1357884444183775
0.9100892928533731,-2.660402081889835,4.174863063554767
0.9112257611191648,-2.6603582288324206,4.193712595834189
0.9102550964613183,-2.6591229189243006,4.1390610388252425
0.910363015530209,-2.6613066353119446,4.2077668310045135
0.9111426102605318,-2.6582505623452715,4.128577165544494
0.909812520750838,-2.6601394722589147,4.161959972971245
0.9102366973937855,-2.6611359512206967,4.200160465898488
0.9106262911066739,-2.659481581218792,4.156263166267816
0.910298705106472,-2.6574398845658758,4.09111203360749
0.9101951532393671,-2.6583473164070055,4.115243266562185
0.9103864287314734,-2.660030563837993,4.168725100326418
0.9098531430134151,-2.6596636136893266,4.1482994187179205
0.9107462472430408,-2.6595081113456414,4.159172853825612
0.9110352226233358,-2.659124675532357,4.152675905510844
0.9097262134294583,-2.6600293897381415,4.157092465124368
0.9103571382150074,-2.660559516045697,4.184457904350536
0.908499994414721,-2.6596746166842307,4.1251731724493075
0.9092912826210168,-2.6611142334719364,4.182621831161718
0.9100314327657808,-2.658135265743077,4.106369924816916
0.9097491720670632,-2.6602547241226997,4.164313329470554
0.9103918131681641,-2.6605180053129778,4.183792857723935
0.9092526394253708,-2.66145876613503,4.192608520865285
0.9104752730496058,-2.659673033919612,4.159433532977253
0.9102465175236665,-2.6593075394040486,4.144406832549338
0.9109958878599459,-2.661361072647809,4.220867968087285
0.9106559670075591,-2.6585351574786484,4.128599361846044
0.9107684136550006,-2.659568531825577,4.161406928389386
0.9097306151916412,-2.66110718369472,4.190221471079917
0.9111114860627829,-2.661696907182591,4.233563860031284
0.909949609588491,-2.6608443519951317,4.185995230856777
0.9088716871120536,-2.6592608749047026,4.119371292348137
0.9121193166503838,-2.6606761658673928,4.219645812818291
0.9092479343638389,-2.6625266960697314,4.226053655465272
0.9120216470764455,-2.6591180162586174,4.1697932626059595
0.9108332305557071,-2.660279301301052,4.184295951198408
0.9093237966408919,-2.6586744410966245,4.109982245062892
0.9095453889660045,-2.660325284739188,4.16290318345781
0.9120784026516375,-2.6599704501608423,4.19695262003465
0.9105732249794267,-2.6593395400648636,4.151056279456563
0.9105213864884214,-2.659548211402274,4.15643878785892
0.9112721167160568,-2.659533724113695,4.1692036048062695
0.9106823896484205,-2.6614977217833977,4.219512575178998
0.909721822309834,-2.659848253165202,4.151518977111163
0.9102134726489409,-2.6591284549388887,4.138478568910946
0.9104843642600603,-2.660006269330933,4.169735197372524
0.9103562054853411,-2.659674374967094,4.157381091983492
0.908826957654081,-2.660499096222001,4.155549480743936
0.9082719049811516,-2.6604785915039386,4.145221996112133
0.9097961126940199,-2.6579433843391578,4.096948245316521
0.9104999107770486,-2.658673425859708,4.129983662330871
0.9106078302855752,-2.660106778976493,4.174968047391968
0.9102624508630263,-2.6594869943159223,4.150106684481595
0.9104225093831056,-2.659515051524924,4.15372844844591
0.9098762444937223,-2.66165419277201,4.209903413233621
0.9090114937452273,-2.659427694601141,4.12666783008132
0.9083946142766514,-2.6607019179852305,4.154120278861965
0.9099588591911552,-2.658738117233782,4.122608925561627
0.9121759649005305,-2.6590103997913808,4.1692345682006255
0.9110272238564061,-2.6592956306613287,4.157706874851019
0.9101467141937476,-2.6589799498970796,4.1329785320881705
0.9106965695499386,-2.6599160209654684,4.170719050123224
0.9083333241958605,-2.660442021333696,4.145182746857955
0.9104708141882077,-2.6616406603954275,4.220237899299776
0.9089079936266595,-2.6603871598560196,4.153576552246612
0.9110011365475085,-2.6604854256291426,4.193636997907618
0.9109348121466698,-2.6608160090472905,4.2027131180217925
0.9129377125862482,-2.6612051679594497,4.251157649492647
0.9109751613195065,-2.6592370455400105,4.155039975074625
0.9102397396430787,-2.6584804409995613,4.119881482910837
0.9089974678774412,-2.659932952964051,4.141486223140991
0.9099417540293321,-2.6606602775449653,4.180178976477106
0.91080284868652,-2.6601540684939584,4.179898631688648
0.9108148859741192,-2.6597987864410353,4.169214752613723
0.9081377370658988,-2.661021332098453,4.159366471919379
0.9078998885997556,-2.6591259663688107,4.099067671870048
0.9098614711368375,-2.6598674854717492,4.154580938915599
0.9105839098749364,-2.6612235368313772,4.209137724445548
0.9098289008626208,-2.660847685866661,4.183954220787738
0.9113220876028935,-2.6608561781522044,4.210940753266765
0.9095781247801191,-2.6598085198117047,4.1478223882300815
0.9120365088305384,-2.660555578464768,4.2143785166334276
0.9107506144034978,-2.660371574241355,4.185651573957579
0.9094771892013706,-2.6587821958064266,4.115709404727656
0.9093162274442386,-2.6578996529913193,4.087847685032785
0.9099072528682541,-2.6602536004146424,4.167090873506652
0.9083491867428488,-2.6583779736713153,4.085308512528282
0.9090082569610313,-2.6610220463701153,4.17475913957356
0.9114358158469709,-2.6632199242033203,4.288089794598436
0.9118471308864669,-2.6601286862281213,4.1977135989458345
0.9103297434046155,-2.6579619355435207,4.106415410092455
0.9108110411375141,-2.6604940276114664,4.190508599303406
0.908715692886055,-2.657345372331724,4.062838932957757
0.9081695858803559,-2.6618199316300375,4.184498270744222
0.9106510716392237,-2.658407367834359,4.124745826057461
0.9111682466406967,-2.659689517856298,4.172127985157589
0.9102744290530324,-2.6607381437297515,4.188518210350031
0.9091133036187394,-2.658923981530481,4.1136330991387435
0.9102749542350381,-2.6613107550323485,4.206304855320806
0.9102126459991011,-2.659392168573931,4.146409358285476
0.9100399037229292,-2.6607893099338265,4.185903701440586
0.9101128607715726,-2.6598060048157968,4.1570812384107985
0.9099621275316188,-2.6582536337843603,4.108640547585612
0.9078480215525307,-2.660167591101298,4.128605982475775
0.9106750682620259,-2.6597758268525116,4.166054422157992
0.9096959636959384,-2.6613688049618105,4.197763005266102
0.9110336039150146,-2.6597334766774683,4.171068782855629
0.9099438137203789,-2.65882516038681,4.124901858433006
0.9108692762290317,-2.6602737261931257,4.184763746849739
0.9098111867740609,-2.658241786935397,4.105717956219893
0.9097378057133775,-2.6597784198973633,4.149702845996641
0.9110198125449206,-2.6605747140389284,4.196749486200522
0.9100036301865729,-2.661042781709614,4.193102734600401
0.9100215400962429,-2.658891120092092,4.12815938627899
0.9118333980870313,-2.6595687452623897,4.1801892391896365
0.9092491673085518,-2.660241999350437,4.155156490218024
0.9099965667815454,-2.6587353134775524,4.123170443784961
0.9087566191741127,-2.658112300975777,4.084563563997613
0.9110152407136468,-2.659421563327387,4.161261816786957
0.9092502682956788,-2.6598274690526296,4.142718519183971
0.910051872553506,-2.6598378898294937,4.156977633670079
0.9095844676337054,-2.6598909960537718,4.15038959648682
0.9088435815897674,-2.658060778069269,4.084551229146771
0.9097618265817552,-2.6608275727484036,4.182137844566483
0.9099342552963751,-2.6585417975594074,4.116479486963057
0.9107811549713245,-2.6583220444709403,4.124491983726261
0.909037708432707,-2.6606864261929313,4.164952238845592
0.9109820954764974,-2.6588060323423903,4.142197941089818
0.9103424875898125,-2.6605300126846636,4.183283894320068
0.9075644684775525,-2.6602249220185334,4.125365559707069
0.9104014448116453,-2.660332516270306,4.178234508182949
0.9126857944408101,-2.6591965795404864,4.183930400841574
0.9099792120957692,-2.659138013722477,4.134733965962887
0.9085263065325148,-2.660596754958573,4.153251024887815
0.9094743774347472,-2.659633865921194,4.14075712280874
0.9091040218994183,-2.6608820294200144,4.17215084590396
0.9082345777433487,-2.659441552894237,4.113804316198397
0.9110969028671472,-2.6614874621255167,4.226686395490802
0.9091231253976608,-2.6597440410334823,4.137972260879988
0.9113617323477239,-2.6613502076288538,4.227150408402453
0.9125631511198228,-2.6606525416503963,4.226932796123171
0.9105916968774764,-2.659524311288076,4.156950258986276
0.9108194520903824,-2.661328981230365,4.216698789522482
0.9087938236157994,-2.6610268653505567,4.1710941526118175
0.9093427846918549,-2.6584430627489866,4.1036628325889914
0.9102897457296939,-2.658190312210108,4.112349435792581
0.9086937342520962,-2.662056789789571,4.201257185842403
0.9111094286450696,-2.660763310323342,4.204209621976225
0.9089362278546342,-2.659804752063451,4.13655472485034
0.9104293774019674,-2.6584282254147586,4.1215913415583
0.9097145747095038,-2.661703301207551,4.208526905188225
0.9098597536107236,-2.6592264640671663,4.135309734147751
0.9099602009239051,-2.6588157483370156,4.124913482178355
0.9096750289889328,-2.6614723802872726,4.2005943586590355
0.9106425319322144,-2.6579900150843283,4.112518904479282
0.9104826520231644,-2.6606056962178997,4.188119570150938
0.9102847482863753,-2.661424031030815,4.210038584737438
0.9117389467172802,-2.6598327811032463,4.186630718883112
0.9103373411335556,-2.6602694145289765,4.17517132493056
0.9095233017048918,-2.6606158650413585,4.171382141732111
0.9095368203768975,-2.66125920312645,4.19147847493014
0.9111834864136684,-2.6590339833761085,4.152535043374947
0.9089642916641125,-2.660040714757264,4.14409831600902
0.9095628371123233,-2.6602961132922567,4.162310771830304
0.9093339423805071,-2.659018923271206,4.120188968859531
0.9114604208325784,-2.6604509860524153,4.20077386450273
0.9093022113685547,-2.6603449648656743,4.1592254027069995
0.9079702948447603,-2.6601161013446233,4.12918026815467
0.9093421061108617,-2.661715199669547,4.202208373186071
0.9096488864299199,-2.6614172276562083,4.198445386997604
0.9119409937381951,-2.6604474033896417,4.209292133675293
0.9100462509710925,-2.6603473784997194,4.172413064064884
0.9080427909079899,-2.660159641639083,4.131664878982493
0.9091633993230783,-2.658482409263636,4.101769922487872
0.910403885697982,-2.661535683873419,4.215686672465156
0.9105392569605248,-2.6614602266447482,4.21575550559115
0.9120430938189434,-2.6597618742419322,4.189874684807404
0.9099188474444893,-2.659169617350019,4.134641635745701
0.910308235352229,-2.6605493257763584,4.183272699586505
0.9093437895937132,-2.659874489253789,4.145739177253794
0.910030127135377,-2.6607108375866733,4.183306073930686
0.9107035207468531,-2.6588866076954814,4.139794814706145
0.9112135249289071,-2.659953198380967,4.1810043510513895
0.9096885134922424,-2.6609698918804705,4.185219895694585
0.9116201582240583,-2.6599918044361557,4.189437238168537
0.9096322198358545,-2.661042535835478,4.186482466863793
0.9108685239388169,-2.659161828599806,4.150884763405129
0.9099716668398408,-2.6607663867100606,4.183981489900834
0.9101229725275427,-2.6608545090225904,4.189392863699826
0.9095695983502292,-2.6611718472378154,4.1893580327411035
0.9089919956608322,-2.658372589720808,4.095770254834038
0.9101472772837396,-2.6583192791564203,4.113606263080358
0.9085808358360679,-2.6598874472919207,4.132926673910694
0.9110436984851271,-2.659517109663481,4.164692230533039
0.9094640459727863,-2.6615012343466073,4.197742267607398
0.9114433181401217,-2.6594279337286877,4.168994134218401
0.9094561960946893,-2.659901977336234,4.148530830898692
0.9113150326013699,-2.6594672163317195,4.167937955313099
0.911345673245294,-2.6594309270414596,4.167373974866923
0.9113975536340351,-2.6601971834101197,4.1918065140544325
0.910179181088183,-2.6603626561657,4.1752481697890005
0.9101224717614186,-2.66019148268911,4.168977165467265
0.910010744641276,-2.661046098382709,4.193327475300979
0.9100309183540448,-2.661307819440866,4.201841250093153
0.9117002525635669,-2.6588122358501125,4.154895370483535
0.9125811608183594,-2.660262931556016,4.215056996737399
0.9120604571580679,-2.66021741716425,4.204260392477363
0.908747939239566,-2.6586161971628175,4.0986683474038985
0.9081490194961742,-2.659377559695722,4.11049224912887
0.9116639627122423,-2.6607470284505075,4.213663255514365
0.9100181305627657,-2.6597869391546776,4.154852308020875
0.9107887422499708,-2.661555965903971,4.223282341000499
0.9103430254249709,-2.660143600284854,4.171411764804427
0.9100728129050288,-2.659546718352561,4.148566543323016
0.9094070155349654,-2.6600531940688232,4.152195546850217
0.9096514241497211,-2.663038202129979,4.249671282590013
0.9113087080333947,-2.659751427770297,4.176510742898717
0.9114325593709577,-2.660862416988531,4.213132831562619
0.908605855928732,-2.6605770294583575,4.154068528617762
0.9101502740234682,-2.6591725457657684,4.13874104125189
0.909145382743211,-2.659404105474615,4.128270709746325
0.9120686277692919,-2.6589027875193914,4.164119471651189
0.9081351195588614,-2.6596283243839376,4.117574900298913
0.9093926479404599,-2.660943077969243,4.179135787984057
0.91005189127873,-2.6597450181074227,4.154176467784393
0.9089022616590726,-2.658660704649644,4.1025249781760005
0.906521826434247,-2.660857614151056,4.126270460440585
0.9113940530284949,-2.658843504323281,4.150522781542509
0.9107455095688575,-2.6583133459692427,4.123627864459838
0.9088901630956004,-2.6604908341507083,4.156416772615976
0.9098302057008085,-2.659312450426979,4.137370639988642
0.9094631237856312,-2.660058832791119,4.153349835791923
0.9104864656581113,-2.6611996306912213,4.206653935499605
0.9096371411286966,-2.660459737417667,4.168626198797293
0.9080758807054192,-2.6604526459174003,4.141072132508319
0.9109088753562236,-2.6575186294818254,4.103489685879236
0.9100191666080437,-2.661056143248036,4.193798346464604
0.9103077459861751,-2.6591452803866065,4.140618386000406
0.9096702503037998,-2.659050060485295,4.126835207114127
0.910535422997929,-2.662433430079594,4.246474430484926
0.9119546263867851,-2.660993150027249,4.226639523117608
0.9118085551232503,-2.6606617735813662,4.213590869238819
0.9088013957412748,-2.6610871235107143,4.17308196676611
0.9103194629009794,-2.66121706564407,4.204195817019986
0.9107277963832314,-2.660143586592912,4.178235457237509
0.9102072916626262,-2.6622504779053418,4.234702359852655
0.9084987301197754,-2.6605677685637983,4.15187856083587
0.9090904270256912,-2.659458324942608,4.1289310980156895
0.9088009046557189,-2.6597316963306805,4.132024994148009
0.9083086415536814,-2.660320190156782,4.1410728156626115
0.9086706934318928,-2.659572928764278,4.125114290768564
0.9086089019618985,-2.6615228231016372,4.183124596842545
0.9099679537954515,-2.6583413386528383,4.111262479971851
0.9116032831760847,-2.660758568391253,4.21293772162538
0.9095205848531912,-2.66050746121093,4.168019491746383
0.9083080224928591,-2.6596523928438245,4.121223481029982
0.9093987410717013,-2.6607444813715895,4.173116262646051
0.9106705548373168,-2.661665464446298,4.2246137224581
0.9089476358692309,-2.6606428653696494,4.162045834964176
0.9110949916976022,-2.658846597105766,4.1453802472153445
0.9107137261472671,-2.6602829415356344,4.182273033471363
0.90937692658588,-2.6600378167727956,4.151239805798673
0.9092878521223585,-2.660808924670797,4.173138743166817
0.9102008540002929,-2.6595031928421378,4.149490992492865
0.9104949478199228,-2.659408509353688,4.151778032462646
0.9089616382894915,-2.6598464495057814,4.138234680919686
0.9094071960863213,-2.6602913888432145,4.1594292554004335
0.9099404094527846,-2.660239600457484,4.167248613477421
0.9120094599390951,-2.6590876665082686,4.168646784294585
0.9113941278922242,-2.6592818660351796,4.163691541478846
0.9094296764931314,-2.660764723631676,4.1743004038214195
0.91023625822828,-2.6597213102127673,4.156694632794278
0.9104658648656117,-2.6584174943121424,4.121918448498425
0.9096937697293888,-2.6610118882770157,4.186642603542214
0.9121528439445243,-2.6610821386041414,4.233025751195921
0.9104309477081831,-2.659237376461107,4.145524394653057
0.9096457182062271,-2.6582517493715607,4.103260387243483
0.9100884045719215,-2.6590630882347632,4.134404130643209
0.9106238860872999,-2.6611948707664066,4.208958262420091
0.91188849633064,-2.6602332744538826,4.2016732643890435
0.9091847738372378,-2.661032089291449,4.178190727329946
0.910443713900068,-2.6592071315106134,4.1448444664238515
0.9095409597799392,-2.661376621054229,4.195236137371516
0.9084624878721592,-2.660294940319589,4.143034497491825
0.9087000398079422,-2.66089753074421,4.165457920339601
0.9098782089673912,-2.65911475347187,4.132318813681308
0.9108556576039064,-2.6591988545429013,4.151760773579153
0.9082392755865926,-2.661295362394609,4.169520452975252
0.9099133312241269,-2.6594998760108948,4.144424242357372
0.9107549776203818,-2.6609427258903517,4.203439437349511
0.910334006748581,-2.6583955184342623,4.118999054249714
0.9078741152243647,-2.6600457392855894,4.125414728204006
0.9103283121098448,-2.6610435187951667,4.198971404989374
0.9096459611383846,-2.6601790883862892,4.160227772575889
0.9111273429288796,-2.6603164742255827,4.190646189908433
0.9119039867535075,-2.65829172968854,4.142892394414476
0.9119788525165657,-2.659673829006296,4.186020238724121
0.9120724923182612,-2.6582330635590337,4.144056769567574
0.910049822103662,-2.6592437623586838,4.139087118470534
0.9083666116237228,-2.6603199743750476,4.142106487581861
0.9100030869920727,-2.6606637324550078,4.181373691772041
0.9112412497537914,-2.6596230634235307,4.171394927142338
0.9082992104618044,-2.6609355383880318,4.159558333566372
0.9104334605445722,-2.6606639662776304,4.189044044376041
0.9108343666887637,-2.6587618062938563,4.138354510724396
0.9088605182059569,-2.660249367822005,4.148572413336433
0.9097338539639549,-2.660916425806431,4.184367699107138
0.9100401209841167,-2.6605934384117416,4.179864229737611
0.9108636309152699,-2.661811759733234,4.232710338890602
0.9100821418568293,-2.6607653872169643,4.185926329849881
0.9104444268856176,-2.657273309047149,4.08886253723981
0.9088040503385406,-2.6601505080910104,4.144628410751072
0.9097364317388147,-2.6606980655385155,4.177707372444006
0.9103806370457946,-2.6601096923262317,4.171061003930719
0.9106190368301346,-2.6598787704374147,4.168223708983809
0.9112966888962045,-2.6608827962310637,4.211298353660587
0.9094115416781001,-2.660761440431055,4.173878900487317
0.909378503182432,-2.6605442055444803,4.166643482723604
0.9090492208615137,-2.658733521870082,4.107063419638628
0.9108646530213895,-2.661270789316594,4.215687192827987
0.9096364467624263,-2.6585712006919073,4.1122589197565365
0.9094741024743448,-2.6611696682715174,4.187608083090094
0.9119958675691474,-2.6602450974059733,4.203968439761011
0.9100676895376563,-2.65974890981662,4.154555831000236
0.9107573721210455,-2.661149361024313,4.209951026764263
0.9108764347289448,-2.660518547136514,4.192463060499711
0.9119412916127045,-2.660703899912665,4.21734155752231
0.909028747170366,-2.6599623408293995,4.142909503722114
0.9091548352036616,-2.6585855931077758,4.104560866543228
0.9109141999830124,-2.6593334685562926,4.156822292083068
0.9103764404778747,-2.6602536740111686,4.175390109472939
0.9082211077228353,-2.660446099558051,4.143397214347619
0.910283120497537,-2.663638565090753,4.2804578734612395
0.9096197732916531,-2.6599459525989615,4.152671550625048
0.9114753972891618,-2.6595900864672073,4.1745123876337225
0.9083456044327817,-2.6577751310090028,4.06856199839823
0.9085612094487175,-2.6620202004695304,4.197773827763822
0.9123744479323211,-2.659503296927225,4.187813181369988
0.9113977357444656,-2.660671843418869,4.206515838229474
0.9113136737517887,-2.6621460978427995,4.2514949620324085
0.9099747370931192,-2.6601595415602506,4.165393306205901
0.9101314106127034,-2.6592617501018023,4.141058779194161
0.909629768657203,-2.6593873544943296,4.136116437434695
0.9104191071757884,-2.6602231596221113,4.175201249204885
0.9100486365942708,-2.6593487004126546,4.142236857026362
0.9089320740512574,-2.660313167644859,4.151779189050657
0.9109572415393633,-2.658752064707369,4.140195292268144
0.909945819720282,-2.6591116560454626,4.133386001494229
0.9106185980013074,-2.661192909060175,4.208813094512388
0.9082648159523712,-2.6595262642397577,4.116788225887051
0.9101496721917344,-2.658984792228581,4.133165409280271
0.9094609384777623,-2.661997051520579,4.2132091853994895
0.9085695379710509,-2.662133161591249,4.2014119078411785
0.9101432046948341,-2.6603360698082503,4.173778956811141
0.9110193972130474,-2.6605469422604857,4.195882734514859
0.9083587027456528,-2.6614684608814114,4.176980173602338
0.9112865793088694,-2.660138054963829,4.18802203193426
0.9097508944954582,-2.659009195437918,4.126994420743204
0.909784814146945,-2.65954468547556,4.143497743303327
0.9084171909126602,-2.6614999608668475,4.178997352762222
0.9098653114614469,-2.66031067590127,4.168056435448417
0.9113895625840578,-2.6606559641726744,4.205913162508791
0.9098273794768938,-2.6612256298763817,4.195657234365997
0.9092363061047136,-2.659189136283886,4.1234891429273555
0.9092782814456163,-2.659951410693965,4.146886395882042
0.910404501149497,-2.6588160306371176,4.132568590202867
0.908860258815153,-2.6599994109724703,4.141094506590973
