n,dv1_x,dv1_y,dv_nominal,dv_expected,dv_variance,time_cost_nominal,time_cost_expected,time_cost_variance,covariance
1,0.8699999999998749,-2.6700000000000177,3.859410567219463,3.906640214131536,0.0104781194932814,2514300,2650287.6,109636599846.24,2605836038.552189
2,0.8199999999998759,-2.6900000000000173,3.8673935162522266,3.995646051839662,0.0150245978532645,2534400,2908336.2,202727793589.56,2605836038.552189
3,1.1799999999998685,-2.5000000000000213,3.880843081324489,3.928997507773664,0.0238088197186374,537900,769633.2,223857156137.76,2605836038.552189
4,0.8399999999998755,-2.680000000000017,3.881198699333808,3.9466502204960183,0.0102620982233334,2536200,2716165.2,131632352868.96,2605836038.552189
5,0.6999999999998785,-2.750000000000016,3.8909258626275456,3.948726371537752,0.0127299848380652,2506800,2674171.8,127909151384.76,2605836038.552189
6,0.8199999999998759,-2.700000000000017,3.893574422751319,3.956206108822569,0.010638933279961,2484000,2672433.6,145633533791.04,2605836038.552189
7,0.8899999999998744,-2.660000000000018,3.8936333728822055,3.8969409532831314,0.0001050394434241,2514000,2513685.0,30511395.0,2605836038.552189
8,0.7999999999998764,-2.710000000000017,3.893787539460616,3.977221043211886,0.0134017756544744,2481000,2741970.0,182174626260.0,2605836038.552189
9,0.8599999999998751,-2.6700000000000177,3.897673887233434,3.906039576059994,0.0015367670011675,2537400,2545002.0,6691175676.0,2605836038.552189
10,0.8399999999998755,-2.6900000000000173,3.904486046262844,3.925230202628049,0.0040296613415354,2486100,2540415.6,49678439876.64,2605836038.552189
11,0.7799999999998768,-2.7200000000000166,3.9052396703591423,3.963433033486356,0.010349291067744,2476800,2656873.8,140756341813.56,2605836038.552189
12,0.7099999999998783,-2.750000000000016,3.907112076573996,3.9561773127961297,0.0101387014733692,2484600,2629957.8,118777975319.16,2605836038.552189
13,0.8899999999998744,-2.680000000000017,3.9134467509852993,3.982450246614296,0.0036708416597526,446100,788180.4,232306771695.84,2605836038.552189
14,0.769999999999877,-2.740000000000016,3.91632672835093,4.010542945422198,0.0039366948823,419700,829297.8,247427528375.16,2605836038.552189
15,0.8799999999998747,-2.660000000000018,3.917404837673709,3.925518710540521,0.000924014174895,2538000,2538428.4,26714593.44,2605836038.552189
16,0.9399999999998734,-2.650000000000018,3.921846498092383,4.053918685734258,0.033819869245835,1473000,1699614.6,239457043806.8401,2605836038.552189
17,1.0299999999998717,-2.600000000000019,3.923997564404445,3.952514309992252,0.0032980934979601,483600,670389.0,154976862699.0,2605836038.552189
18,0.8599999999998751,-2.680000000000017,3.925912978016261,3.92780106113626,0.000906476940898,2487600,2489610.6,1859144867.64,2605836038.552189
19,0.9799999999998724,-2.6300000000000185,3.9273243066520536,3.968601798812623,0.0035784465301075,469200,687099.0,177258362499.0,2605836038.552189
20,0.6799999999998789,-2.760000000000016,3.927886338015475,3.931128122770372,2.1829980785438417e-05,2499300,2499171.0,27469899.0,2605836038.552189
21,0.7599999999998772,-2.7300000000000164,3.927923874590455,3.949324233496079,0.0041250304738685,2472300,2530820.4,53609883783.84002,2605836038.552189
22,0.909999999999874,-2.650000000000018,3.936107716379267,3.93866196798253,0.0001358549748392,2513700,2513695.2,30976896.96,2605836038.552189
23,1.1199999999998695,-2.5400000000000205,3.936300120837334,3.965323297123494,0.0456335776547237,1542900,1337083.2,312830736917.76,2605836038.552189
24,0.7199999999998781,-2.760000000000016,3.936545473020976,4.1185040000212245,0.0282621547607673,1432500,1838832.6,248888262117.24,2605836038.552189
25,0.8999999999998742,-2.650000000000018,3.941639481819133,3.944998903630457,0.0006045233406503,2537700,2537542.2,26931359.16,2605836038.552189
26,1.0899999999998702,-2.56000000000002,3.9529905892457,3.97124802783896,0.0374549879693694,1527300,1304017.8,333238431143.16,2605836038.552189
27,0.6499999999998796,-2.790000000000015,3.953510987874586,4.139178569640068,0.0327597343509727,1427700,1796985.6,235933620272.63995,2605836038.552189
28,1.149999999999869,-2.520000000000021,3.953691863319976,3.9264679431604064,0.0276499314377167,1558500,1122517.2,320885740064.16,2605836038.552189
29,0.8799999999998747,-2.6700000000000177,3.957488559174588,3.959583109950736,0.0007572350045555,2488500,2488435.2,30752760.96,2605836038.552189
30,1.009999999999872,-2.610000000000019,3.959151495582929,3.999571360525126,0.0288313270569073,1493700,1453459.2,274251313215.36,2605836038.552189
31,0.6899999999998787,-2.760000000000016,3.95976212314239,3.961628270840524,0.0005068479532719,2477100,2477294.4,33810128.64,2605836038.552189
32,0.7399999999998776,-2.740000000000016,3.961942891156476,3.963321392632976,0.0009999545579611,2466900,2466966.0,32915484.0,2605836038.552189
33,0.5999999999998806,-2.8100000000000147,3.963033281540393,4.161160463457371,0.0422512674373171,1426800,1784434.2,243500477850.36008,2605836038.552189
34,0.909999999999874,-2.6700000000000177,3.965430760458707,3.990143105239231,0.0035521750336836,449700,584685.6,118183852952.64,2605836038.552189
35,0.7499999999998774,-2.750000000000016,3.970457375058023,4.014268648520131,0.0037771392307631,414000,622389.0,168408427419.0,2605836038.552189
36,0.4599999999998836,-2.8600000000000136,3.970438546160379,4.402259670486087,0.1292637873722574,1437300,1972294.8,261109279092.96,2605836038.552189
37,0.489999999999883,-2.850000000000014,3.971480651413524,4.3158857084039175,0.0983215254400024,1433400,1902567.6,262231539870.24,2605836038.552189
38,0.9199999999998738,-2.6400000000000183,3.9717333445843535,3.9766489805545415,0.0003965754718737,2537100,2537304.6,27824118.84,2605836038.552189
39,0.4699999999998834,-2.8600000000000136,3.976007352167503,4.081274580699798,0.0049200563282806,365700,852812.4,280234499646.2399,2605836038.552189
40,0.8999999999998742,-2.6300000000000185,3.975683469387772,inf,,3705600,8274396.6,37873476300448.445,2605836038.552189
41,0.6599999999998793,-2.770000000000016,3.977648268693735,3.9806212028098087,5.689856851512283e-05,2491500,2491458.6,32836946.04,2605836038.552189
42,0.9299999999998736,-2.6400000000000183,3.986779306520888,3.987436413575181,0.0001432515432963,2512800,2513404.2,25004322.36,2605836038.552189
43,0.4999999999998827,-2.850000000000014,3.98667144576572,4.06496135840656,0.0048139913976347,369900,731566.2,250847022517.56,2605836038.552189
44,1.1099999999998698,-2.5500000000000203,3.990970446032947,3.9950531975821097,0.0041495328077977,508800,527194.8,18668981532.96,2605836038.552189
45,0.439999999999884,-2.870000000000013,3.991952505541928,4.078576086638644,0.0048337838796266,360900,749332.8,265498710284.16,2605836038.552189
46,0.4299999999998842,-2.870000000000013,3.9965771533371792,4.325036359205283,0.1539406658640252,1440300,1798162.8,245639730656.16,2605836038.552189
47,0.8999999999998742,-2.660000000000018,3.998699598810585,3.999541459328889,0.000715860719302,2489100,2489087.4,29113941.24,2605836038.552189
48,0.5199999999998823,-2.840000000000014,4.000061785898037,4.186063663523751,0.0605144260362182,1428600,1702060.8,216311256783.36008,2605836038.552189
49,1.1399999999998691,-2.5300000000000207,4.00194602939663,3.996192237344655,0.0043485597953801,519600,527946.6,8485200568.440004,2605836038.552189
50,1.0599999999998708,-2.58000000000002,4.004578428720385,3.938592797590276,0.005079037512639,1511400,1085014.2,269095566978.36008,2605836038.552189
51,0.7199999999998781,-2.750000000000016,4.006758724068641,4.008729762476296,0.000998372483089,2461200,2460982.8,29656784.16,2605836038.552189
52,0.9399999999998734,-2.6300000000000185,4.009247716134736,4.0129438752107855,0.0001592822318047,2535900,2536011.0,25573419.0,2605836038.552189
53,0.959999999999873,-2.6400000000000183,4.009278559953845,3.975264675561903,0.0075840252505968,1474500,1217958.6,252982886666.04,2605836038.552189
54,0.6899999999998787,-2.750000000000016,4.009533340325554,4.015758076431444,0.0022243096060463,2526300,2526435.6,25248932.64,2605836038.552189
55,0.6699999999998791,-2.760000000000016,4.012028972356882,4.0158502884115,0.0011056143233563,2519400,2519208.6,24038906.04,2605836038.552189
56,1.0799999999998704,-2.57000000000002,4.0130024609036985,4.010487328681946,0.0042855655928623,498000,512304.0,14435823384.0,2605836038.552189
57,0.3299999999998864,-2.900000000000013,4.013218770317905,4.559791708185479,0.4565216955800423,1461600,1831298.4,258010321357.44003,2605836038.552189
58,0.6099999999998804,-2.8100000000000147,4.016838695257125,4.04663818616837,0.0043064717334145,387000,568195.2,154269410376.96002,2605836038.552189
59,0.7099999999998783,-2.740000000000016,4.019484158358175,4.0254176131926265,0.0030874251728728,2532600,2532753.0,23830731.0,2605836038.552189
60,0.6699999999998791,-2.770000000000016,4.022948839972022,4.026191435479598,0.0005559147855962,2469900,2469493.8,28421341.56,2605836038.552189
61,0.5299999999998821,-2.840000000000014,4.0237486111950655,4.067340029343848,0.0040862178798985,373500,567754.2,166014093042.36005,2605836038.552189
62,0.6599999999998793,-2.790000000000015,4.026072537993459,4.047951011701336,0.0041541276092146,395400,481233.6,80690541071.04,2605836038.552189
63,0.9299999999998736,-2.660000000000018,4.028412949156543,4.031275096240926,0.0046840073943822,453300,467614.8,14071450260.960005,2605836038.552189
64,0.6999999999998785,-2.770000000000016,4.02922227557959,4.047136135753986,0.0101276841992799,1425900,1443990.0,136600520940.0,2605836038.552189
65,0.6499999999998796,-2.770000000000016,4.029547503059932,4.034065403054596,0.0005666731569133,2511600,2511831.0,25657299.0,2605836038.552189
66,0.4099999999998847,-2.880000000000013,4.032853268252259,4.084175830737767,0.004487419369490553,355200,600850.8,205358825619.36008
67,0.7299999999998779,-2.760000000000016,4.036316364278689,4.047959868593007,0.0043204837803296975,408300,491698.2,77751201056.76001
68,0.7299999999998779,-2.7300000000000164,4.038709869776639,4.040267565706783,0.003997664926160888,2538600,2538196.8,23387189.76
69,0.1299999999998906,-2.950000000000012,4.039208921896791,inf,,1542900,8261146.8,49128710503649.76
70,0.6399999999998798,-2.780000000000016,4.039654431439539,4.042412740197712,0.00015304798541478727,2483400,2483209.8,31009323.96
71,0.999999999999872,-2.6200000000000188,4.040008423465894,4.038398318585028,0.004724064265573553,472500,484642.2,12203468039.16
72,1.1699999999998685,-2.510000000000021,4.042927824234344,4.042223560081999,0.0037946514174927223,530700,530671.8,755384.76
73,0.8099999999998762,-2.710000000000017,4.0454759701142935,4.045619056525011,0.0014312656728095432,2456400,2456410.2,30744795.96
74,0.9499999999998732,-2.6300000000000185,4.045798300987936,4.0478049632609485,0.0002576427693992135,2511600,2511517.8,27264503.16
75,0.3999999999998849,-2.880000000000013,4.047364803305501,4.204480421216827,0.11229411165530744,1442700,1590894.6,146153951430.84
76,0.8299999999998757,-2.700000000000017,4.047459922343818,4.0504621945329085,0.00143682601257904,2459100,2458920.0,31449960.0
77,0.9199999999998738,-2.650000000000018,4.048948190036163,4.049413398946726,0.0007698519075384111,2489100,2489155.8,29025306.36
78,0.2299999999998885,-2.930000000000012,4.05183391130416,4.117366975779491,0.004000070959095405,330300,704358.6,293040513986.04004
79,0.7899999999998766,-2.7200000000000166,4.054641490391015,4.057002977068625,0.0015688601187580707,2452800,2452598.4,32734837.44
80,0.8299999999998757,-2.710000000000017,4.054652349332833,4.008427398941326,0.0052605420663034575,1440600,1209263.4,224304522760.44
81,0.5499999999998817,-2.8300000000000143,4.054630327476344,4.086719246836772,0.016081799622487087,1423500,1460652.6,100706323413.23999
82,0.959999999999873,-2.6200000000000188,4.055544851609863,4.059221925261745,5.809852202048553e-05,2534100,2534466.6,27742384.44
83,0.2699999999998876,-2.9200000000000124,4.057581803483227,4.108825358710802,0.004018782359667723,335400,598367.4,230028429477.23993
84,0.8499999999998753,-2.700000000000017,4.058473455582647,3.997440222490397,0.00504013617504607,1444200,1132707.0,249521460651.0
85,0.8499999999998753,-2.6900000000000173,4.06045281171697,4.060555433375904,0.0012187482728445826,2461500,2461611.0,26662059.0
86,0.6999999999998785,-2.760000000000016,4.061796535994442,4.065277467878729,0.0011541813471522638,2454900,2454511.8,31325000.76
87,0.7499999999998774,-2.7200000000000166,4.062903449641518,4.069100432348906,0.005344359239834182,2543700,2543636.4,23823995.04
88,0.62999999999988,-2.780000000000016,4.063358663743126,4.067611458496112,0.00020591491232626352,2503500,2503994.4,24591968.64
89,0.8099999999998762,-2.7200000000000166,4.064890723535702,4.00883823159901,0.004722406374759142,1436700,1148872.8,232379911820.15994
90,1.049999999999871,-2.5900000000000194,4.068055931044876,4.070571508027847,0.004397014496471725,487200,489106.2,2078317141.56
91,0.769999999999877,-2.7300000000000164,4.0749064899126815,4.074636179601075,0.0015088501475628913,2448600,2448856.8,31214813.76
92,0.8699999999998749,-2.6900000000000173,4.076066615035885,3.9865041505391936,0.0043610376596114955,1447500,985777.2,264842611400.15997
93,0.1899999999998893,-2.940000000000012,4.081590767592771,4.127312564500746,0.003306983001731752,324600,604731.0,252426905379.0
94,0.8699999999998749,-2.680000000000017,4.084045499480253,4.083901360595993,0.0013965276294715212,2463300,2463415.8,30615930.36
95,0.5599999999998815,-2.8300000000000143,4.085075535187681,4.0928177430765755,0.003915224263133007,376800,422691.0,45612819099.0
96,0.769999999999877,-2.710000000000017,4.0883197464482794,4.090714145580349,0.00628675815915404,2548200,2547864.0,23979744.0
97,0.7899999999998766,-2.7300000000000164,4.088934122886625,4.004469819732307,0.0038132555599950965,1432200,1040211.6,243653726665.44
98,0.62999999999988,-2.800000000000015,4.092195450448807,4.054895401936845,0.006446167165129357,1419600,1212418.2,211700695568.76004
99,0.3799999999998853,-2.890000000000013,4.095566385358117,4.105367236769006,0.003903969899547025,349200,399454.8,52215883716.96
100,0.6499999999998796,-2.780000000000016,4.095737876899616,4.095707942701831,0.0006997956413907909,2462400,2462624.4,30638564.64
101,0.2199999999998887,-2.930000000000012,4.099567621122691,4.437210194198762,0.6650776504775333,1494600,1630990.8,224635361355.36
102,0.0999999999998912,-2.9600000000000115,4.099740925670053,4.136774176806142,0.002865126671512785,313200,550647.6,238182397014.23993
103,0.3099999999998868,-2.910000000000013,4.099824198510115,4.119159751845636,0.00380859279422746,339600,442298.4,104534425117.44002
104,0.9499999999998732,-2.650000000000018,4.100371535664255,4.10145681543904,0.004457962118619106,457200,457338.6,1232690.04
105,0.2599999999998879,-2.9200000000000124,4.101397678124702,4.303883025644685,0.4108748171257706,1479000,1525955.4,161061244710.84003
106,0.0499999999998923,-2.9700000000000117,4.103354963708495,inf,,307200,727375.2,1684300257624.9595
107,0.7499999999998774,-2.740000000000016,4.106004886587304,4.108517070148506,0.001373749393506374,2444100,2443792.2,27430319.16
108,0.9399999999998734,-2.6400000000000183,4.10767613090839,4.107880049511543,0.0008119048335748487,2488500,2488796.4,28279067.04
109,0.0199999999998929,-2.9700000000000117,4.107762604599075,4.115676475814593,0.009272957678515218,2722800,2728204.2,17547146442.359993
110,0.9799999999998724,-2.610000000000019,4.111266434024681,4.114279696506123,2.35365931575826e-05,2532300,2532166.2,28995757.56
111,0.7899999999998766,-2.700000000000017,4.112088466560509,4.119427556274324,0.007397665230997887,2551800,2552007.0,26008011.0
112,0.7099999999998783,-2.770000000000016,4.111949018958378,4.108082001753204,0.004428609351712728,402900,407139.6,4131850191.840001
113,0.9699999999998729,-2.6200000000000188,4.11280486342803,4.11344560279135,0.0003015294404056248,2510100,2510606.4,27027959.04
114,0.6199999999998802,-2.790000000000015,4.113141651257027,4.114862510344876,0.0002476120640190583,2475000,2475203.4,29723608.44
115,0.6099999999998804,-2.790000000000015,4.1135771700143975,4.116147529747401,3.71044982356879e-05,2495100,2494851.6,25982857.44
116,0.8899999999998744,-2.6700000000000177,4.117778893744472,4.116419275629845,0.001258290281336837,2464500,2464792.8,27416108.16
117,0.3699999999998855,-2.890000000000013,4.119012993559263,4.133683662103422,0.03374525201600733,1445400,1407293.4,103552208416.44
118,0.8099999999998762,-2.700000000000017,4.120511533067615,4.122720996497592,3.607677488718782e-05,3446100,3445909.8,9045363.96
119,0.7899999999998766,-2.710000000000017,4.121913858953361,4.124626240290332,5.657719675188843e-05,3444300,3443938.2,10539320.76
120,0.8299999999998757,-2.6900000000000173,4.126103086115855,4.12811655669482,2.9890665281265773e-05,3447300,3447486.0,9180324.0
121,0.6799999999998789,-2.770000000000016,4.1261502244965325,4.128317655708163,0.0011058217390150105,2448300,2448153.0,28337931.0
122,0.6799999999998789,-2.780000000000016,4.128359196023892,4.034555007703613,0.004581947209403831,1419300,988927.2,258921805700.15997
123,0.0399999999998925,-2.9700000000000117,4.128476480434706,inf,,1596600,3144707.4,20257903873605.23
124,0.769999999999877,-2.7200000000000166,4.130698692398793,4.13352302626198,8.349303533012245e-05,3441900,3441769.2,12612771.36
125,0.1799999999998895,-2.940000000000012,4.130737531128521,inf,,1511100,2400077.4,13209215529549.236
126,0.8099999999998762,-2.6900000000000173,4.131030681650888,4.135210736490866,0.007785749533352304,2555100,2554978.8,25772830.56
127,0.579999999999881,-2.8200000000000145,4.13198904835042,4.058057050964548,0.005200071228659153,1418100,1052769.6,254357092275.84003
128,-0.0600000000001053,-2.990000000000011,4.133679447685176,4.20354275039618,0.05637161560152197,294300,666348.0,487880694936.0
129,0.299999999999887,-2.910000000000013,4.137793404760652,4.163221031102586,0.08355100703728291,1463400,1377033.0,160258309731.0
130,0.8499999999998753,-2.680000000000017,4.138412678973743,4.138281142418667,0.000772074260653013,3448200,3438624.6,8920946094.840002
131,0.0899999999998915,-2.9600000000000115,4.139881206458862,inf,,1560900,2250726.0,9853385514804.0
132,0.1499999999998902,-2.950000000000012,4.142784675340398,4.156619888917468,0.003313108681296825,318000,395094.6,86946786870.83997
133,0.8299999999998757,-2.680000000000017,4.144263278661632,4.152739103664537,0.007441952175021025,2557500,2557742.4,24540762.24
134,0.6399999999998798,-2.800000000000015,4.146159886160886,4.147044103357499,0.004196099621574241,389400,389362.2,1551431.16
135,0.9299999999998736,-2.6300000000000185,4.146859345917699,4.1518156557598305,0.0032641531582645027,2559600,2559637.8,26513831.16
136,0.909999999999874,-2.6400000000000183,4.147176863935111,4.152013505333092,0.00427921588823477,2560500,2560544.4,25691948.64
137,0.7299999999998779,-2.750000000000016,4.14748454389757,4.147608094580517,0.0016544653136610385,2439000,2438996.4,32923787.04
138,0.7499999999998774,-2.7300000000000164,4.1474767221070294,4.149322299660067,0.0002456371416186474,3439200,3437197.8,1846604855.1599991
139,0.8899999999998744,-2.650000000000018,4.150171489647308,4.152646347149366,0.005024223148085571,2560800,2560662.6,24397221.24
140,0.7799999999998768,-2.710000000000017,4.150417989945805,4.064480293983943,0.013615552942216481,3453900,3162633.0,182616228891.0
141,-1.0658141036401505e-13,-2.980000000000011,4.150439970882432,4.164067777977494,0.0026050309727380025,300300,456386.4,188230880255.04004
142,0.7599999999998772,-2.7200000000000166,4.150900204547598,4.099165948017995,0.00982792509009127,3452100,3280127.4,128352388269.24002
143,0.8499999999998753,-2.6700000000000177,4.151046085092554,4.15852201254019,0.006696187703554024,2559300,2559486.6,23653360.44
144,0.8699999999998749,-2.660000000000018,4.152401976572406,4.155893592928134,0.0059012709227264995,2560500,2560347.0,23832531.0
145,0.9499999999998732,-2.6200000000000188,4.152865934349471,4.158368948809981,0.002306169013996088,2558100,2558224.2,26939394.360000003
146,1.0199999999998717,-2.610000000000019,4.153332407576176,4.153275937312518,0.0039788188693640715,476400,476342.4,898842.24
147,-0.0100000000001063,-2.980000000000011,4.153430351275661,4.1804190702540955,0.021113952527251862,1635900,1405776.6,552493602712.44
148,0.7999999999998764,-2.700000000000017,4.154072490413139,4.027189485658774,0.015653381088822017,3455100,3035455.2,209183115792.96
149,0.7399999999998776,-2.7300000000000164,4.157127371880361,4.111095946032883,0.009818430689266527,3450300,3294431.4,119196730994.04
150,0.909999999999874,-2.660000000000018,4.161017078894667,4.161079519395297,0.0012495040343127957,2465400,2465380.8,26957151.359999996
151,0.5899999999998808,-2.8200000000000145,4.167360032942774,4.164221622212823,0.004745198197845938,380100,386570.4,6435825243.840002
152,0.9699999999998729,-2.610000000000019,4.168255344614039,4.173036303068775,0.0014990066858191987,2556000,2556051.6,29005417.44
153,1.129999999999869,-2.5400000000000205,4.168675736166138,4.1690581152823505,0.0035402447459606016,513000,513080.4,584295.84
154,0.7199999999998781,-2.740000000000016,4.170482346539545,4.113895412147614,0.012143768494085218,3447900,3259736.4,138381499355.03998
155,-0.120000000000104,-3.0000000000000107,4.171655598953128,inf,,286800,1868484.0,20437322761584.0
156,0.7299999999998779,-2.740000000000016,4.172706166136259,4.135633764640586,0.008605263517580949,3436200,3310684.2,104575259250.35999
157,1.09999999999987,-2.56000000000002,4.172787113115396,4.167959447688185,0.0034098767462515034,502200,502175.4,592494.84
158,-0.2700000000001008,-3.0200000000000102,4.173390714986846,4.2165404153466755,0.0013229711720525047,271800,1578776.4,2910375567203.04
159,0.6499999999998796,-2.750000000000016,4.173649050182012,inf,,2770800,7248311.4,35948250075650.03
160,0.959999999999873,-2.6300000000000185,4.174319948970698,4.175865537960336,0.0007543979650450574,2487900,2487856.2,25498501.56
161,0.3499999999998859,-2.900000000000013,4.176148545464001,4.176104549008203,0.003549388474083976,343500,345643.2,2429184893.7599993
162,0.999999999999872,-2.600000000000019,4.177010997321753,4.179314645348528,3.7270371972606255e-05,2529900,2529799.2,23380119.36
163,-0.1900000000001025,-3.0100000000000104,4.176817157560185,inf,,279600,3298080.0,37416185278920.0
164,0.62999999999988,-2.790000000000015,4.177146358293636,4.1762502878995,0.0006512964164407859,2454600,2455081.8,24617048.76
165,0.8399999999998755,-2.710000000000017,4.177539556532956,4.176621862334344,0.004462643573411828,428700,428883.6,1229891.04
166,0.5899999999998808,-2.800000000000015,4.178978740049082,4.181586003668646,2.4164437182110254e-05,2486400,2486522.4,25716378.24
167,0.9699999999998729,-2.6400000000000183,4.179532104504671,4.184469714051395,0.003932349927045726,461400,461361.0,903339.0
168,0.8199999999998759,-2.7200000000000166,4.180123514684258,4.177464828382334,0.004487532570837645,424200,424398.0,1272276.0
169,0.8599999999998751,-2.700000000000017,4.187261817031353,4.184195999858304,0.004285971438151631,433200,433383.0,1177371.0
170,0.9899999999998724,-2.610000000000019,4.187738579385718,4.190780439046838,0.0003964770323351931,2508600,2508246.6,25438888.44
171,0.1399999999998904,-2.950000000000012,4.190638010324586,inf,,1528500,1336981.2,3323923300366.5605
172,1.1599999999998687,-2.520000000000021,4.1917652879571285,4.193996932975399,0.003234020619621669,524400,524319.6,491775.84
173,0.7999999999998764,-2.7300000000000164,4.195008725915909,4.201892158982267,0.004159152880448006,419700,419615.4,1187502.84
174,0.6899999999998787,-2.780000000000016,4.195526521561818,4.1959889470404805,0.0036086159121926924,397500,399615.0,2092217715.0
175,0.9899999999998724,-2.600000000000019,4.195985035024292,4.200328369933709,0.0007021561895260995,2553600,2553688.8,25962514.56
176,0.5999999999998806,-2.800000000000015,4.196700232540226,4.196987174948976,0.00038249092971629205,2466900,2467167.6,29432910.24
177,0.7099999999998783,-2.760000000000016,4.198529556852278,4.1993357565751435,0.00140644961918867,2433300,2433317.4,27189237.24
178,0.6599999999998793,-2.780000000000016,4.198965264934788,4.197803149576928,0.0011945740404490542,2441400,2441834.4,29701016.64
179,0.4799999999998832,-2.8600000000000136,4.201282571692389,4.200884059164635,0.004436681856677127,361800,361924.2,1646514.3599999999
180,0.6199999999998802,-2.780000000000016,4.202054338391845,4.204840095448669,0.0021448882589554614,2523000,2522725.2,24625524.96
181,-0.2900000000001004,-3.0200000000000102,4.2031665785843835,4.322150704190903,0.03691274170311182,3830400,4148415.0,530619497595.0
182,0.0399999999998925,-2.950000000000012,4.205127987585349,inf,,2649600,2903838.6,1826988639530.0403
183,1.0699999999998706,-2.58000000000002,4.205657802403292,4.200199654882242,0.0035992719988422357,491400,491395.2,682536.96
184,0.3399999999998861,-2.900000000000013,4.207331008698571,4.1094441028177915,0.0048808561696936864,1448100,946558.8,303224009902.56
185,0.4499999999998838,-2.870000000000013,4.207471754308353,4.201943472011819,0.004758176289956067,357300,357331.8,1728968.76
186,0.8799999999998747,-2.6900000000000173,4.208824802770653,4.206465774438046,0.0038627068381638426,437700,437731.8,1000688.76
187,0.5999999999998806,-2.790000000000015,4.209620123335418,4.213424485472443,0.0010579238361797133,2514300,2514416.4,24339011.04
188,0.2399999999998883,-2.930000000000012,4.212199063741871,4.209092472471273,0.004092754618510538,327900,330373.2,2652511721.7599993
189,0.9299999999998736,-2.650000000000018,4.213080874799401,4.21043819188071,0.0011573211885186011,2465700,2466176.4,24949283.04
190,0.6399999999998798,-2.770000000000016,4.2160620875447865,4.2239779958636285,0.004228324717941504,2531100,2531228.4,26420473.44
191,0.5099999999998825,-2.850000000000014,4.2171236484493715,4.218533822217855,0.004307341618846968,366300,366222.6,1450749.24
192,0.8199999999998759,-2.710000000000017,4.21991569280865,4.219239460942643,0.0026537303930816835,2433900,2421613.8,11581297909.560001
193,0.7799999999998768,-2.740000000000016,4.221809960023003,4.212809524714838,0.003995346453994525,414900,415131.6,1123921.44
194,0.0599999999998921,-2.9700000000000117,4.223834545298558,4.219157007055286,0.003226911023142551,305700,305833.2,1388417.76
195,0.8399999999998755,-2.700000000000017,4.224590684483097,4.220357872558082,0.0027296471384613825,2436600,2424834.0,11537569404.0
196,0.2799999999998874,-2.9200000000000124,4.225558499147627,4.22751707503553,0.004316075992539049,333000,332929.2,1665387.36
197,0.7999999999998764,-2.7200000000000166,4.225661067883762,4.225039291675823,0.002017561197090717,2430600,2424456.6,5823620056.4400015
198,-0.4600000000000968,-3.04000000000001,4.227167040397664,inf,,253500,1876510.8,8391748723803.358
199,0.109999999999891,-2.9600000000000115,4.229464156652772,4.2294445642885625,0.0037502537107765655,311400,313995.6,3047232140.640001
200,0.1999999999998891,-2.940000000000012,4.230318171316201,4.225451028728651,0.003967009326407582,322500,322644.6,1574790.84
201,0.2099999999998889,-2.930000000000012,4.235175163068029,inf,,3016500,7630511.4,33894990173930.035
202,-0.0500000000001055,-2.990000000000011,4.233664752383759,4.2284468635380055,0.0033746620780309203,293100,307007.4,18895151325.24
203,0.4199999999998844,-2.880000000000013,4.234969245814464,4.232943378375535,0.0037412986307950166,352200,352288.2,1293080.76
204,1.009999999999872,-2.5900000000000194,4.237234998700096,4.241223888303333,0.00032239594533059734,2550900,2550938.4,26427205.44
205,1.189999999999868,-2.5000000000000213,4.238856051533487,4.239379043534113,0.0028400065199413803,536100,536092.8,372908.16
206,0.579999999999881,-2.800000000000015,4.2392256773613815,4.24395008259741,0.0005082710540448425,2505600,2505800.4,26459799.84
207,0.8599999999998751,-2.6900000000000173,4.239498645940421,4.233323927517751,0.002854370735039991,2439000,2425348.2,13396494056.76
208,0.8999999999998742,-2.680000000000017,4.241468376624097,4.244036853738659,0.003744491819159779,441900,441999.0,870219.0
209,0.7799999999998768,-2.7300000000000164,4.241873648261155,4.232599027670483,0.003716796553019784,2426700,2401266.0,24733252764.0
210,-0.3500000000000991,-3.03000000000001,4.242531342433898,inf,,262500,2063191.8,24723510890792.76
211,-0.260000000000101,-3.0200000000000102,4.242619735040428,inf,,270900,470709.6,1399426866987.84
212,0.9799999999998724,-2.6200000000000188,4.248205980436398,4.249685690100142,0.0007349298053796153,2487300,2487021.0,22184739.0
213,0.6599999999998793,-2.760000000000016,4.2496386172965686,4.254784067479516,0.005570270792046207,2538600,2538692.4,23914182.24
214,1.0199999999998717,-2.5900000000000194,4.252418225632038,4.254006132823575,8.390204560013639e-05,2527500,2527791.6,24395329.44
215,-0.2800000000001006,-3.0200000000000102,4.253595164734806,4.24061150044175,0.0037413848555229775,3782700,3219410.4,2007249960651.8398
216,0.5399999999998819,-2.840000000000014,4.254609738406611,4.253144760371425,0.00418942118718364,370200,370360.8,1339263.36
217,-0.1800000000001027,-3.0100000000000104,4.255629039550801,4.29446568139382,0.05732587787234456,278700,447520.2,1158545600931.9602
218,0.5699999999998813,-2.8100000000000147,4.257876664950008,4.259933991829117,9.588084410071807e-05,2477700,2477604.6,26619918.840000004
219,0.6899999999998787,-2.770000000000016,4.258467478859921,4.257914139022925,0.0015234653190857336,2427600,2425531.8,2024279168.76
220,0.0099999999998932,-2.980000000000011,4.25841212264024,4.259749595920421,0.0036533841974244596,299100,301901.4,3470472698.0399995
221,0.7599999999998772,-2.750000000000016,4.259884503826652,4.260311433007164,0.0039467162208253895,410100,410153.4,1061488.44
222,-0.1100000000001042,-3.0000000000000107,4.260116016842955,4.256245049600015,0.0032904282695983707,285900,291970.2,8446654371.960001
223,0.9899999999998724,-2.6300000000000185,4.264232350403256,4.26312092141227,0.003626322861238987,465600,465725.4,741894.84
224,0.8799999999998747,-2.680000000000017,4.264416845642381,4.245387106264032,0.006870373914105586,2440800,2389858.8,47619687022.560005
225,0.6099999999998804,-2.800000000000015,4.2660362680056885,4.267427239572151,0.0007805910709278537,2447100,2446872.6,25976469.24
226,1.0399999999998712,-2.600000000000019,4.266595075144307,4.266148057391394,0.003399703902560514,480600,480691.8,586832.76
227,0.6199999999998802,-2.8100000000000147,4.266927025395728,4.265680020107134,0.003681814991096478,383700,383601.0,1068219.0
228,0.7599999999998772,-2.740000000000016,4.268182331060323,4.233895931205498,0.008764842017197004,2422500,2342606.4,73362730559.03996
229,1.009999999999872,-2.600000000000019,4.270020967713871,4.271544170551591,0.0004771845869756998,2507100,2506941.0,25786179.0
230,0.3199999999998866,-2.910000000000013,4.27075303597128,4.269861044982452,0.0036810368347591376,337500,337485.0,1241955.0
231,0.9499999999998732,-2.6400000000000183,4.273183946903644,4.27216575330113,0.0014294517744560076,2466000,2463969.6,1961852595.8400002
232,-0.450000000000097,-3.04000000000001,4.274631903042367,4.556637466550952,0.3925629498034447,252600,597511.2,665054845954.56
233,0.15999999999989,-2.950000000000012,4.277276091763182,4.274648868364499,0.003743975013219429,316500,316689.0,1285659.0
234,0.6399999999998798,-2.790000000000015,4.279347859937095,4.278099162663895,0.001067263094468065,2434500,2434798.8,25401958.56
235,-0.5800000000000942,-3.0500000000000096,4.2808169065287025,5.800458659794139,2.838101645758583,241800,3427559.4,12933432542771.643
236,0.3899999999998851,-2.890000000000013,4.281905034738657,4.28034047488103,0.00347568574869487,347100,347061.0,1113219.0
237,0.9199999999998738,-2.6700000000000177,4.28427868297872,4.283858876392446,0.003226892605959206,446400,446364.6,729366.84
238,0.0599999999998921,-2.940000000000012,4.28451010056275,inf,,2586000,2944905.0,4008278575035.0
239,0.6699999999998791,-2.790000000000015,4.28542186619035,4.280973606928716,0.003894989780971361,392100,392313.6,1112495.04
240,0.579999999999881,-2.8100000000000147,4.289134433738963,4.290126961112403,0.00046951201291923193,2458500,2458480.8,26617671.36
241,0.5599999999998815,-2.8100000000000147,4.289284523578447,4.29235579552391,0.00013897583864935006,2496600,2496553.8,25252045.56
242,0.0099999999998932,-2.9700000000000117,4.292201392628542,4.294083692428559,0.00039362102626073103,2724600,2724547.8,4824695.16
243,1.0299999999998717,-2.58000000000002,4.292864375351879,4.295396980977738,8.743554544263132e-05,2547900,2547993.0,21295971.0
244,0.8999999999998742,-2.6700000000000177,4.298761954077781,4.253624482024552,0.01401084757710154,2442300,2341114.2,89485295418.36002
245,0.6799999999998789,-2.750000000000016,4.299443151872563,4.3021203500538885,0.007986158121956811,2545800,2545747.2,24685652.16
246,-0.3400000000000993,-3.03000000000001,4.299713830420152,inf,,262200,759642.6,7486848738165.238
247,0.0199999999998929,-2.9600000000000115,4.301545253778821,4.306736924691846,0.003909690799245129,2690700,2690098.8,61214758.56
248,0.7399999999998776,-2.750000000000016,4.304212825085161,4.195928417146795,0.022144611631295406,2417700,2151844.8,192915312312.95996
249,0.7399999999998776,-2.760000000000016,4.308282764126429,4.305683032469844,0.0035113253315873986,405300,405339.6,912111.8399999999
250,-0.2500000000001012,-3.0200000000000102,4.309351854675439,inf,,270600,301792.2,481899539999.1602
251,0.5699999999998813,-2.8300000000000143,4.312300448589465,4.310703655727409,0.0035927446593724413,374100,374237.4,1074261.24
252,-0.5700000000000944,-3.0500000000000096,4.316886794461142,4.6848973149310895,0.5469926939798933,241200,1717495.2,9540250120056.96
253,-0.4400000000000972,-3.04000000000001,4.321215471997309,4.35969676311989,0.028342991851595164,252300,341812.2,192009992591.1599
254,1.1199999999998695,-2.5500000000000203,4.321972289948773,4.316700138207031,0.003089307530432117,507000,507169.8,426747.96
255,0.6699999999998791,-2.780000000000016,4.326528375469513,4.279922519787153,0.01350344796661204,2421300,2312918.4,96799039021.44
256,-0.0400000000001057,-2.990000000000011,4.327753515804945,4.332153999883482,0.003040653018504962,292200,292284.6,998502.8400000001
257,0.999999999999872,-2.610000000000019,4.328782960170159,4.32873817513516,0.0008288208890975055,2486400,2486455.2,23472912.96
258,1.149999999999869,-2.5300000000000207,4.331001920459964,4.331430932167804,0.002691003154935031,518400,518434.2,363330.36
259,-0.1700000000001029,-3.0100000000000104,4.331069154878389,4.3338893085018935,0.002899931785631799,278400,278340.6,1008611.64
260,0.0699999999998919,-2.9700000000000117,4.335478979354586,4.334542940982461,0.0031993619310789227,304800,304780.2,995907.96
261,0.9399999999998734,-2.660000000000018,4.33598223118259,4.336299421171896,0.003341894732190647,450600,450753.6,676247.04
262,1.0399999999998712,-2.58000000000002,4.337029772688139,4.3381289542192265,0.00015228438589482606,2525400,2525595.6,21496580.64
263,1.0899999999998702,-2.57000000000002,4.337913047439172,4.3390194905991555,0.0027905095830764734,496200,496161.6,376525.44
264,0.9699999999998729,-2.6300000000000185,4.340687403671122,4.317354077595914,0.010377238197348267,2466000,2417002.8,45802333352.15997
265,0.9199999999998738,-2.660000000000018,4.341916473104282,4.167203154576512,0.03740049271617076,2443500,2064574.8,231989831364.96002
266,-0.1000000000001044,-3.0000000000000107,4.344211642772252,4.340498012806443,0.0028817766008788254,285600,285598.2,935456.76
267,0.3599999999998857,-2.900000000000013,4.34583632383414,4.349104749343845,0.003520644699336946,341700,341572.2,1076807.16
268,0.5499999999998817,-2.8200000000000145,4.348096172665741,4.35051993674509,0.00019542084609848153,2469000,2468599.2,25151319.36
269,0.1199999999998908,-2.9600000000000115,4.34889040001781,4.347521744665837,0.0028001379254826856,310500,310475.4,885534.84
270,-0.5600000000000946,-3.0500000000000096,4.3526190957495485,4.411364402764572,0.06759967528900464,241200,585958.2,2709529036592.7607
271,1.009999999999872,-2.6200000000000188,4.353150218887624,4.353034600616796,0.0028626841123074354,470100,470189.4,500507.64
272,-0.3300000000000995,-3.03000000000001,4.355442227426829,4.354332272396342,0.0027226893169163963,261900,262009.2,964755.3600000001
273,0.2499999999998881,-2.930000000000012,4.356368289650163,4.352199301523243,0.0032914762231461225,326700,326668.2,1025528.76
274,0.5399999999998819,-2.8200000000000145,4.357450467372026,4.359802578684045,3.174234247988981e-05,2487600,2487453.6,24689327.04
275,-0.730000000000091,-3.0600000000000094,4.358221892778262,inf,,228000,6857364.0,59259836222064.0
276,1.0299999999998717,-2.5900000000000194,4.359070350919766,4.358791532216201,0.0004849902398475002,2505600,2505771.6,22364353.44
277,0.0199999999998929,-2.980000000000011,4.359631350815954,4.359389358347902,0.002869172427699565,298500,298548.6,893498.04
278,0.6999999999998785,-2.740000000000016,4.359933241336665,4.36411086306823,0.010611312385026089,2552700,2552515.2,26203008.96
279,-0.4600000000000968,-2.710000000000017,3.8448615538645985,inf,,375900,10239535.2,37768378368360.97
280,0.5899999999998808,-2.8100000000000147,4.361380498320283,4.36146796760707,0.0008299215430617216,2439300,2439346.8,25552049.76
281,1.049999999999871,-2.57000000000002,4.362157465448906,4.364372892062844,2.668568700239346e-05,2545200,2545398.6,20590898.04
282,1.1799999999998685,-2.510000000000021,4.362675941896318,4.362904194775766,0.002658256204578232,530100,530218.2,290768.76000000007
283,0.2099999999998889,-2.940000000000012,4.365384524353603,4.36250800393848,0.0030168482556429802,321300,321328.2,919544.76
284,0.7199999999998781,-2.770000000000016,4.365871022603506,4.364373074330983,0.0033646735078773204,400200,400366.8,859937.76
285,0.6199999999998802,-2.800000000000015,4.366153943791169,4.341529131931728,0.009892212322543937,2427300,2367561.0,56514169179.0
286,-0.4300000000000974,-3.04000000000001,4.36701567705774,4.3714135394537355,0.002657754426819837,252300,256797.0,9725857731.0
287,-0.2400000000001014,-3.0200000000000102,4.373953401770613,4.374626003485339,0.0025931923568223675,270600,270468.0,800496.0
288,0.0099999999998932,-2.950000000000012,4.375025491223634,inf,,2352600,8276862.6,40354642338861.24
289,0.2899999999998872,-2.9200000000000124,4.375951610704155,4.375276190181557,0.0029818159938971556,331500,331520.4,900663.8399999999
290,1.0599999999998708,-2.5900000000000194,4.379270360203907,4.378179339691624,0.002694810410535988,485400,485493.6,383639.0399999999
291,0.6499999999998796,-2.800000000000015,4.380333676590663,4.381121281405989,0.0033677155996396425,387000,386907.0,894051.0
292,-0.7200000000000912,-3.0600000000000094,4.382663967644412,inf,,228000,3278463.0,38183001472611.0
293,0.5999999999998806,-2.8200000000000145,4.388017040908498,4.387747038182739,0.0034025152684302768,378000,377982.6,892677.2400000001
294,-0.5500000000000949,-3.0500000000000096,4.38809063330606,4.387543780101098,0.002411820559604844,241500,241533.0,928251.0
295,0.5599999999998815,-2.8200000000000145,4.388612503756547,4.388830141566887,0.0005141328198817139,2450100,2450334.6,24499302.84
296,1.0199999999998717,-2.58000000000002,4.389512344329098,4.394879940239043,0.0024588032201443458,2571300,2571325.2,28556004.96
297,0.999999999999872,-2.5900000000000194,4.390585967255402,4.395792248654977,0.0033885669051437546,2574600,2574618.0,25030116.0
298,0.4599999999998836,-2.870000000000013,4.393633122647037,4.394919355720064,0.003024662573006514,355200,355304.4,844460.64
299,0.489999999999883,-2.8600000000000136,4.39439136409697,4.391521356029378,0.003221523398099454,360000,359963.4,916480.44
300,-0.4200000000000976,-3.0000000000000107,4.394658753700879,4.422989559867545,0.03210800001918407,2533200,3142992.0,2067062532336.0
301,0.959999999999873,-2.650000000000018,4.3955599164085415,4.389345114771785,0.0030709920682783767,455100,455312.4,565806.24
302,0.1699999999998898,-2.950000000000012,4.401122079970055,4.3995975146661515,0.0031989947021833706,315600,315681.6,923941.44
303,-0.1600000000001031,-3.0100000000000104,4.403722507873631,4.401041185448526,0.0026390870637478686,278100,278194.8,778692.96
304,0.5699999999998813,-2.800000000000015,4.404112858318934,4.411505357375878,0.0028098177576368305,2524200,2524363.2,24510605.76
305,0.5499999999998817,-2.8100000000000147,4.40749574857625,4.4097288071741625,0.0012150421867963622,2514900,2514802.2,21308375.16
306,-0.7100000000000914,-3.0600000000000094,4.407224769141287,4.436137706368259,0.010167889118820701,228000,474384.0,1063207434384.0
307,1.0399999999998712,-2.57000000000002,4.40889092983616,4.413750607889553,0.0010511850025793324,2567700,2568009.0,24095259.0
308,0.9799999999998724,-2.600000000000019,4.41005314103539,4.418149644898555,0.005239427798026222,2577600,2577769.8,25402107.96
309,-0.3200000000000997,-3.03000000000001,4.409935549179631,4.411151584117808,0.002534332814200664,261900,261958.2,767912.76
310,0.4299999999998842,-2.880000000000013,4.411646455928746,4.412900168842258,0.0030127742861702006,350400,350502.6,872733.24
311,-0.4200000000000976,-3.04000000000001,4.412136926649646,4.412736109276098,0.00225257679187655,252600,252547.2,692372.16
312,0.5199999999998823,-2.850000000000014,4.414270624601154,4.41095201113703,0.0030471695121719604,364200,364339.2,865863.36
313,0.9899999999998724,-2.6200000000000188,4.414828247552542,4.228001102955324,0.05344082224492233,2465700,2121805.2,231483383292.96
314,1.0199999999998717,-2.600000000000019,4.415344893930821,4.405693876513034,0.004868744245745537,2485500,2472198.0,13346983476.0
315,-0.0300000000001059,-2.990000000000011,4.417198337032159,4.412798475561984,0.002580710562887878,291900,291983.4,743824.44
316,-0.5400000000000951,-3.0500000000000096,4.423365191456305,4.424265196169616,0.0026323085632806234,241800,241696.8,843629.76
317,0.3299999999998864,-2.910000000000013,4.42400744814427,4.4203699019732845,0.0028746483441794775,336000,336163.2,803165.76
318,-0.0900000000001046,-3.0000000000000107,4.424738542755748,4.423222582973527,0.0026062327814091544,285300,285229.2,760707.36
319,0.7199999999998781,-2.7300000000000164,4.42599563473102,4.430096186196168,0.014438203317666848,2558700,2558722.8,29918720.16
320,0.5899999999998808,-2.790000000000015,4.429363772286001,4.432109073963057,0.0049120223717322425,2533200,2532882.0,25200756.0
321,1.0599999999998708,-2.57000000000002,4.429909829639748,4.430587764711471,0.00022438454694854638,2523300,2523529.8,19990731.96
322,-0.400000000000098,-2.9700000000000117,4.431239931031134,inf,,2565300,4356352.2,18613430130575.16
323,0.6999999999998785,-2.780000000000016,4.43167828568582,4.430354793522837,0.003354933563074148,395400,395383.8,807037.56
324,-0.7000000000000917,-3.0600000000000094,4.431855054778135,inf,,228300,628593.6,6009746489159.042
325,-0.2300000000001016,-3.0200000000000102,4.436771214726372,4.436222261359061,0.002650945691550766,270300,270407.4,757605.24
326,0.5299999999998821,-2.8200000000000145,4.43740772437579,4.440820342530994,0.0005514939486532932,2505600,2505738.6,22378370.04
327,0.0799999999998917,-2.9700000000000117,4.440266904899206,4.436157801347194,0.00284023626659671,304200,304168.8,821986.56
328,0.5199999999998823,-2.8300000000000143,4.440816433545362,4.442752229092663,4.037405933269461e-05,2478600,2478354.0,22656204.0
329,0.8299999999998757,-2.7200000000000166,4.441954964637183,4.4380985064635246,0.002741992913259572,422100,422243.4,603856.44
330,0.8499999999998753,-2.710000000000017,4.44294719007857,4.440063883040509,0.0028700529041927906,426600,426796.2,603205.56
331,0.959999999999873,-2.610000000000019,4.444372121218536,4.439472985417902,0.007693343349593679,2580000,2579482.8,28774784.16
332,1.0699999999998706,-2.56000000000002,4.4443592929518605,4.4462411927495085,3.091190135160811e-05,2542500,2542489.2,20493243.36
333,1.0299999999998717,-2.610000000000019,4.44516455926378,4.441102601443867,0.0029917601526029606,474900,474978.6,457682.0399999999
334,0.0799999999998917,-2.930000000000012,4.4463471544318205,inf,,2481300,2613730.2,1450201694187.9597
335,0.3999999999998849,-2.890000000000013,4.447336686428253,4.445111222122061,0.0027380563232643515,345600,345562.2,793271.16
336,0.5299999999998821,-2.8300000000000143,4.447535579673464,4.446562866611343,0.00026076853690832925,2460300,2460904.8,22888416.96
337,1.0599999999998708,-2.56000000000002,4.449218204239669,4.4502292916796975,0.0004019853971548708,2564400,2564023.2,21347141.76
338,0.8099999999998762,-2.7300000000000164,4.451007444870556,4.449945837941987,0.0028362800614821697,417600,417594.6,599190.84
339,0.5499999999998817,-2.840000000000014,4.4528233110912945,4.451816055748828,0.0027921538832733125,368400,368496.0,730224.0
340,0.8699999999998749,-2.700000000000017,4.454008842609995,4.453362743013369,0.0027287034979324417,431400,431285.4,570606.84
341,1.049999999999871,-2.58000000000002,4.454262863498471,4.453409402086618,0.0011439710008321303,2504400,2502328.8,1969832050.5599988
342,0.0299999999998927,-2.980000000000011,4.45541924635323,4.45641826485179,0.002585376735131405,297900,298004.4,710900.64
343,-0.4100000000000978,-3.04000000000001,4.456671328413789,4.452919908757417,0.0022991366362053434,252600,252784.2,638730.36
344,-0.6900000000000919,-3.0600000000000094,4.456616316089617,inf,,228600,322254.6,1447685338758.84
345,-0.5300000000000953,-3.0500000000000096,4.458443627997905,4.458796096562407,0.0024475811280338026,241800,258831.6,141799979161.44003
346,0.1299999999998906,-2.9600000000000115,4.460456434279193,4.459618406253181,0.0024655782485572546,309600,309728.4,681913.44
347,0.9799999999998724,-2.6400000000000183,4.461754985822842,4.460745174821329,0.0027109137398737284,459900,459849.6,450339.84
348,0.5699999999998813,-2.8200000000000145,4.46200305303479,4.3647062193674016,0.03462579684685351,2431500,2243892.0,154642816296.0
349,1.1399999999998691,-2.5400000000000205,4.462772229141498,4.463094813688575,0.002198685073998671,512700,512830.8,281691.36
350,-0.3100000000001,-3.03000000000001,4.463315534399881,4.462902140666462,0.0022662544967083998,261900,262071.0,599499.0
351,-0.9500000000000864,-3.070000000000009,4.463633604055029,inf,,210600,7572246.0,60645583452924.0
352,1.1099999999998698,-2.56000000000002,4.465434879444342,4.465721518518678,0.002182807508981856,501600,501515.4,279582.84
353,0.3699999999998855,-2.7300000000000164,4.853470635176205,inf,,4924200,9229154.4,33874876295360.65
354,0.7899999999998766,-2.740000000000016,4.4699012912490215,4.473179994685323,0.0029934801337645734,412800,412912.2,642071.16
355,-0.1500000000001033,-3.0100000000000104,4.473982159671387,4.471114563648315,0.0027163956431941407,278100,278056.8,723173.76
356,0.8899999999998744,-2.6900000000000173,4.474715095970336,4.475074550007425,0.002718024756322637,435900,435816.6,541864.44
357,-0.9400000000000864,-3.070000000000009,4.475673546131444,inf,,210600,5357559.0,53799082032339.0
358,0.62999999999988,-2.8100000000000147,4.479119040027011,4.479580448568578,0.0028949581478953175,381600,381670.8,728307.36
359,-0.3000000000001002,-2.840000000000014,4.47918573872003,inf,,2649600,2862252.6,1743140826813.24
360,1.1699999999998685,-2.520000000000021,4.481564981884697,4.484214005007627,0.0021582057449919816,524700,524570.4,224763.84
361,-0.6800000000000921,-3.0600000000000094,4.481489044078808,4.478912164353741,0.00243359790062184,229200,229162.8,750296.16
362,0.6099999999998804,-2.780000000000016,4.482925804756304,4.496887234466905,0.007277843597651939,2541900,2542290.0,24386940.0
363,0.7399999999998776,-2.710000000000017,4.482782620942205,inf,,2749800,6537988.2,33007268502680.77
364,-0.5000000000000959,-2.870000000000013,4.481797843908915,inf,,4139700,9803892.0,31560866565696.0
365,0.9399999999998734,-2.6200000000000188,4.488512163909698,4.490417499501235,0.01045115747102405,2582100,2582017.8,29763983.16
366,-0.9300000000000868,-3.070000000000009,4.488033169425374,inf,,210900,3423759.6,39796197629487.84
367,0.2599999999998879,-2.930000000000012,4.48889601643361,4.486897947397018,0.0025414054994925533,325500,325612.8,686396.16
368,0.2199999999998887,-2.940000000000012,4.490347907786577,4.4893090485742615,0.0024517851942662187,320400,320411.4,690530.04
369,0.5099999999998825,-2.8300000000000143,4.4906974862234765,4.493972241162445,0.0002118248595904414,2496600,2496693.0,24590691.0
370,1.0799999999998704,-2.58000000000002,4.490856217498972,4.493090400966059,0.0024581906787740715,490500,490598.4,302077.44
371,-1.0658141036401505e-13,-2.9700000000000117,4.491554178058674,4.494012956769558,0.0009645599705453603,2721000,2720518.8,20842486.56
372,0.7399999999998776,-2.7200000000000166,4.491638730982599,4.498713408095502,0.01623410424926916,2564400,2564562.0,30130956.0
373,-0.5200000000000955,-3.0500000000000096,4.493365038876631,4.49321619715086,0.0021980869922939967,242100,242263.2,566645.76
374,0.5399999999998819,-2.8300000000000143,4.493988143813401,4.472429626294226,0.011227154123000016,2442300,2399715.6,41374545596.64001
375,-0.2200000000001019,-3.0200000000000102,4.498013838851714,4.497925691396942,0.0021893019048451947,270300,270398.4,565597.44
376,0.769999999999877,-2.750000000000016,4.498629965359958,4.497288361682783,0.0030443364657728794,408300,408288.0,643536.0
377,0.3699999999998855,-2.900000000000013,4.498886603920118,4.498354441325165,0.0029912752500673846,340500,340374.0,819684.0
378,-0.400000000000098,-3.04000000000001,4.500703551816452,4.499726133922087,0.002022318307077674,252900,252939.6,517911.8400000001
379,-0.920000000000087,-3.070000000000009,4.500630913113866,inf,,211200,1833142.8,22670955346088.16
380,-0.0800000000001048,-3.0000000000000107,4.502331153954293,4.503838414470595,0.0022389895635169287,285000,284968.2,590288.76
381,-0.0200000000001061,-2.990000000000011,4.502763520654363,4.500251842101765,0.0025785887808659567,291600,291626.4,678623.04
382,0.6799999999998789,-2.790000000000015,4.5044022635634136,4.502181483622304,0.0026361644533880128,390300,390396.0,614304.0
383,0.909999999999874,-2.680000000000017,4.504519739994902,4.5059160523794555,0.002602275379269737,440400,440364.6,489966.84
384,-0.6700000000000923,-3.0600000000000094,4.506491606459327,4.506446436389669,0.002121336915325382,229500,229492.2,586559.16
385,1.0399999999998712,-2.5900000000000194,4.507266333114676,4.204094835831683,0.08529860497508533,2485200,2008060.2,244114680315.96002
386,1.0799999999998704,-2.5500000000000203,4.508754049052454,4.509744127592635,0.00013903206733131596,2561400,2560707.0,20224611.0
387,0.579999999999881,-2.8300000000000143,4.508891433596372,4.506296414672154,0.0025960016331040476,372600,372565.2,674508.96
388,0.299999999999887,-2.9200000000000124,4.513626714821335,4.5148320377898274,0.002745690368075997,330600,330466.8,760577.76
389,-0.9100000000000872,-3.070000000000009,4.513528196189645,inf,,211500,1302291.6,15808596079969.44
390,-0.3000000000001002,-3.03000000000001,4.515821611764479,4.517975469056545,0.0022344403671733922,262200,262141.2,581542.56
391,0.1799999999998895,-2.950000000000012,4.516746824921891,4.516087362978797,0.0025892739075286187,315000,314930.4,719115.84
392,1.1999999999998678,-2.5000000000000213,4.519695954505033,4.520557940278068,0.0020458060012062537,537000,536976.6,202672.43999999994
393,-0.9000000000000874,-3.070000000000009,4.526771158155796,inf,,211800,458278.8,3737622940990.559
394,-0.5100000000000957,-3.0500000000000096,4.528162474546976,4.524747891780256,0.002314556932959323,242700,242641.8,558752.76
395,1.0799999999998704,-2.56000000000002,4.53028837175526,4.53130194304822,0.001176871673644781,2522100,2519695.8,1985304402.3600001
396,-0.6600000000000925,-3.0600000000000094,4.531625295710505,4.5333895156251405,0.002033040312653167,229800,229856.4,500819.04
397,0.999999999999872,-2.6300000000000185,4.533327380058835,4.5361671101315375,0.0021832434031954454,464700,464575.2,351264.96
398,0.4999999999998827,-2.840000000000014,4.536237237027262,4.537276294476919,8.811267368234747e-05,2469900,2470227.0,22666491.0
399,0.7499999999998774,-2.760000000000016,4.536398257397732,4.53511634334477,0.002498623896006344,403500,403561.8,546440.76
400,0.9199999999998738,-2.6300000000000185,4.536668173982382,4.536697232466027,0.013197224457419837,2583600,2583492.0,31986576.0
401,1.0899999999998702,-2.5500000000000203,4.537738067661095,4.538818429689918,6.973288806512349e-05,2540400,2540356.2,16251901.560000002
402,1.049999999999871,-2.600000000000019,4.539263890285788,4.537745858025597,0.002083483173015569,480000,479977.2,265160.16
403,0.0899999999998915,-2.9700000000000117,4.539668464405171,4.540125236220635,0.0024570211260230303,303600,303587.4,668181.2400000001
404,-0.8900000000000876,-3.070000000000009,4.540257554743963,inf,,212400,363133.8,2260866450877.5596
405,-0.1400000000001036,-3.0100000000000104,4.542225280978276,4.541097725480491,0.0023402760721354635,277800,277951.8,572936.76
406,0.9299999999998736,-2.6700000000000177,4.542678657108141,4.541955589193422,0.002415963729220685,444900,444991.2,407482.56
407,-0.3900000000000982,-3.04000000000001,4.544268043288441,4.543196983842563,0.0020719107685014454,253200,253185.0,505755.0
408,0.0399999999998925,-2.980000000000011,4.5468977394436,4.546732561844161,0.0023669793214148483,297600,297649.2,629019.36
409,0.7599999999998772,-2.710000000000017,4.551935896143087,4.554588232223663,0.017547670573653612,2569500,2569519.2,31349511.36
410,0.5099999999998825,-2.840000000000014,4.554160217338385,4.551915845615766,0.002349833745807799,2452200,2445994.2,6235612506.36
411,-0.8800000000000878,-3.070000000000009,4.554065329167656,4.555763475311839,0.0019113261760266885,212700,212836.8,619565.76
412,1.0699999999998706,-2.57000000000002,4.555146146220539,4.440213227554556,0.06047175624821018,2503500,2341561.2,137825730574.56
413,-0.6500000000000927,-3.0600000000000094,4.556880766497338,4.556976914006353,0.0017399312510979312,230400,230308.8,422962.56
414,-0.2100000000001021,-3.0200000000000102,4.557865272531723,4.556464249619807,0.0022001090888593947,270600,270489.0,542619.0
415,0.4699999999998834,-2.870000000000013,4.560319137858867,4.560390776946766,0.002625452809465794,354000,354000.0,655920.0
416,0.62999999999988,-2.770000000000016,4.562113595681772,4.5678911775165565,0.010931328790938593,2550300,2550290.4,26697147.84
417,-0.5000000000000959,-3.0500000000000096,4.562874609596276,4.559877749711528,0.002164576072170837,243000,242968.8,504106.56
418,0.489999999999883,-2.840000000000014,4.5637494346237695,4.565486781663578,5.310870142265511e-05,2487600,2487339.6,21982551.84
419,0.3399999999998861,-2.910000000000013,4.564517114330167,4.5596001005757225,0.002728483614724831,335100,335153.4,742528.44
420,-0.4300000000000974,-3.03000000000001,4.564702221989891,4.569699257915454,0.002777801448276128,2474700,2474623.2,21563861.76
421,0.1399999999998904,-2.9600000000000115,4.565795595867241,4.569414067138825,0.0024014402699462445,309300,309120.6,628235.64
422,0.4999999999998827,-2.8600000000000136,4.5664664338511685,4.56692025535883,0.0027074974931771472,358500,358548.0,704016.0
423,-0.2900000000001004,-3.03000000000001,4.56739344386799,4.569143163024466,0.001965866283043663,262200,262318.2,467528.75999999995
424,-0.870000000000088,-3.070000000000009,4.56813110802618,4.569144213818712,0.0020859580756529754,213300,213322.2,591167.16
425,0.439999999999884,-2.880000000000013,4.571007266379038,4.570630456427707,0.002487167128984328,349200,349306.8,668993.76
426,-0.070000000000105,-3.0000000000000107,4.57728030543122,4.578496647125755,0.00194180367153053,285000,284853.0,505251.0
427,0.6099999999998804,-2.8200000000000145,4.580858665944186,4.580693288276792,0.002460068911976616,376500,376479.6,614463.84
428,0.7299999999998779,-2.770000000000016,4.582597024156209,4.5819614387234475,0.0027645972641047903,398700,398769.6,614715.84
429,-0.6400000000000929,-3.0600000000000094,4.582299110935569,4.585524701679272,0.0019261932346388152,230700,230696.4,431267.04
430,0.8999999999998742,-2.6400000000000183,4.582836085331446,4.5879751414910634,0.015251737476260161,2584500,2584697.4,32473533.24
431,-0.8600000000000882,-3.070000000000009,4.582498050839941,4.583462668200223,0.0018860972463501109,213900,213796.8,503069.76
432,0.6599999999998793,-2.800000000000015,4.582979710114787,4.584179499110714,0.0024773858727300123,385500,385362.6,573141.24
433,-0.0100000000001063,-2.990000000000011,4.585104010831969,4.58379691334332,0.001969701498835283,291300,291370.8,506187.36
434,1.09999999999987,-2.5400000000000205,4.585995302906417,4.587896642904583,4.565844071307712e-05,2558400,2558644.8,18340752.96
435,-0.3800000000000985,-3.04000000000001,4.587427690776948,4.584425973810842,0.001976517077425858,253500,253489.2,465363.36
436,0.9499999999998732,-2.660000000000018,4.588461344666696,4.587997026629693,0.0025434823852361114,449700,449668.8,404026.56
437,1.129999999999869,-2.5500000000000203,4.588692335358953,4.584339030386128,0.00182548262574111,507300,507440.4,203127.84000000003
438,0.5299999999998821,-2.850000000000014,4.589636952218118,4.588861964437425,0.0026359871047452175,363000,362941.2,654622.56
439,1.1599999999998687,-2.5300000000000207,4.596508886675844,4.594825924067915,0.001876413558084727,519000,519120.0,209160.0
440,-0.8500000000000885,-3.070000000000009,4.59714446390515,4.596669183989722,0.0019265556999851971,214200,214309.2,476955.36
441,-0.4900000000000961,-3.0500000000000096,4.597506994524236,4.596809645728345,0.001772379820203108,243300,243297.0,398331.0
442,0.4099999999998847,-2.890000000000013,4.597977362717299,4.596408282943482,0.002360291207953357,344400,344465.4,607542.84
443,1.09999999999987,-2.57000000000002,4.601200104844702,4.600149988090362,0.002105444027556477,496200,496184.4,252836.64000000004
444,0.7799999999998768,-2.700000000000017,4.601824176735251,4.601237485019948,0.020171712976908694,2574000,2573897.4,35574573.24
445,0.2299999999998885,-2.940000000000012,4.607410543075954,4.610571861282737,0.0025814453569873107,319800,319656.6,675136.44
446,-0.6300000000000932,-3.0600000000000094,4.607816226124398,4.604212365085793,0.002117540809096873,231300,231230.4,470715.84
447,-0.1300000000001038,-3.0100000000000104,4.608745434699486,4.611027324081428,0.002043980452229106,277800,277896.6,499168.44
448,1.0199999999998717,-2.6200000000000188,4.609397067895626,4.610479876116986,0.001984607353767102,469500,469570.8,255987.35999999993
449,0.5199999999998823,-2.8200000000000145,4.609358275308343,4.611190381728065,0.002431936428853693,2523600,2523248.4,21630097.44
450,1.0699999999998706,-2.5500000000000203,4.611831191624145,4.615767651601024,0.0019308915431382986,2583600,2583596.4,22526627.04
451,-0.8400000000000887,-3.070000000000009,4.612071194178872,4.616015041645865,0.0018253295356206053,214800,214743.6,418379.04
452,0.2699999999998876,-2.930000000000012,4.612453021466456,4.612268727453171,0.002064209757705922,324900,324832.2,533063.16
453,-0.3800000000000985,-2.790000000000015,4.613911606000536,inf,,4695900,14712089.4,8040650555627.64
454,0.4999999999998827,-2.8300000000000143,4.61674341198575,4.621118908701701,0.001245794141263005,2514000,2514210.6,20906387.64
455,-0.2000000000001023,-3.0200000000000102,4.616646004183111,4.615435457722985,0.001809622567568575,270600,270576.0,422424.0
456,1.049999999999871,-2.56000000000002,4.616912698866491,4.620917260924143,0.003882551699551777,2587500,2587546.8,26953169.76
457,-0.2800000000001006,-3.03000000000001,4.618364373176619,4.620430122953503,0.0019906946230880177,262500,262526.4,461183.0399999999
458,0.8799999999998747,-2.650000000000018,4.622010643997046,4.63230891836425,0.01618313077439339,2584800,2585179.8,32183211.960000005
459,1.189999999999868,-2.510000000000021,4.622887271720765,4.624501361200269,0.0016997374601898936,531300,531408.6,200786.03999999998
460,0.1899999999998893,-2.950000000000012,4.625952986684905,4.627766583858958,0.0023626949055226827,314400,314313.6,615335.04
461,-0.8300000000000889,-3.070000000000009,4.627264313291737,4.625574496308363,0.0018721370715684654,215400,215336.4,423995.04
462,-0.4300000000000974,-3.0200000000000102,4.628104938190405,4.631296075928938,0.009278161759964638,2504400,2504464.8,17151600.96
463,0.5599999999998815,-2.840000000000014,4.629430346970475,4.626871941301273,0.0021903576068312935,367200,367227.0,533331.0
464,-0.3700000000000987,-3.04000000000001,4.630241589453433,4.631872261021752,0.002023195423772436,253800,253720.8,443367.36
465,-0.4800000000000963,-3.0500000000000096,4.6320441710333,4.629798087832862,0.00167902468322112,243600,243697.8,375455.16
466,-0.6200000000000934,-3.0600000000000094,4.633539653573975,4.633751548963542,0.0019226165917420692,231600,231634.8,403788.96
467,0.0999999999998912,-2.9700000000000117,4.634509661567145,4.6346084224642725,0.0021314010594611255,303300,303235.8,535698.36
468,1.0699999999998706,-2.5900000000000194,4.634634262503323,4.634425623150373,0.0019465927037364231,485400,485341.8,235472.76
469,0.0499999999998923,-2.980000000000011,4.634662545676402,4.632377740815136,0.0020373136817255617,297300,297412.2,513191.16
470,1.0899999999998702,-2.5400000000000205,4.635294169152397,4.638594067390252,0.0009700487795533566,2579700,2579850.6,20019779.64
471,0.5399999999998819,-2.8100000000000147,4.635406866663299,4.641610490462291,0.005022385219460556,2532900,2533023.0,24109371.0
472,0.7099999999998783,-2.780000000000016,4.6365079828947104,4.636079368475006,0.002811065848352709,393900,393975.6,605924.64
473,1.09999999999987,-2.5500000000000203,4.6373877734737405,4.577068727608224,0.04188139141894659,2521200,2446892.4,68051458182.24
474,0.7999999999998764,-2.6900000000000173,4.638168923258917,4.6339927409451365,0.01984278824186225,2577600,2577561.0,35599059.0
475,0.3799999999998853,-2.900000000000013,4.639810112497532,4.6396489364551465,0.0019948961460875933,339300,339421.2,527470.56
476,1.1099999999998698,-2.5400000000000205,4.641003181170985,4.642692929186329,0.00013347388371110218,2538900,2538837.0,18483651.0
477,0.9699999999998729,-2.650000000000018,4.64098066812298,4.643138482300489,0.0020079647709074396,454500,454429.2,323667.36
478,0.4799999999998832,-2.850000000000014,4.640970654171499,4.641749300131273,0.00014872833911532438,2461500,2461710.0,20428020.0
479,0.3099999999998868,-2.9200000000000124,4.641853372784033,4.640776168853751,0.0022969892185638707,329700,329700.0,585000.0
480,-0.8200000000000891,-3.070000000000009,4.6427503683972775,4.643084935106392,0.0017044010063106932,215700,215818.8,379726.56
481,0.8599999999998751,-2.660000000000018,4.649563713013672,4.644045983656697,0.020214407506844525,2584200,2583989.4,39115547.64
482,-0.0600000000001053,-3.0000000000000107,4.650206517010622,4.648456173513594,0.0019155697893409557,284700,284818.2,468248.76
483,1.0299999999998717,-2.57000000000002,4.65104786888857,4.662922467123245,0.005429191816393521,2591700,2592253.8,24162685.56
484,0.4699999999998834,-2.850000000000014,4.652237503139801,4.653967513251432,2.200717970447368e-05,2478900,2478655.8,21471426.36
485,0.4799999999998832,-2.840000000000014,4.653106386639479,4.657191031487488,0.0006691826697879377,2504700,2505025.2,22869084.96
486,0.0099999999998932,-2.9600000000000115,4.653309596285613,4.6605546833619895,0.007216299283232557,2663700,2662210.2,179203035.96
487,0.8199999999998759,-2.680000000000017,4.658613524824684,4.670629957010719,0.021178681686891593,2580600,2581258.2,39133112.76
488,-0.8100000000000893,-3.070000000000009,4.658520533180685,4.655631219035584,0.0016644962810040416,216300,216382.2,348743.16
489,-0.6100000000000936,-3.0600000000000094,4.659348918575993,4.658642110735986,0.001814594845831,232200,232110.6,369467.6400000001
490,0.8399999999998755,-2.6700000000000177,4.662306388242892,4.663009618507782,0.01989145458387586,2583000,2582943.6,37003019.04
491,0.6499999999998796,-2.760000000000016,4.662298417175281,4.665791429801406,0.015138514193682813,2558400,2558529.0,30691179.0
492,-1.0658141036401505e-13,-2.990000000000011,4.664659988915715,4.662516566822573,0.0018512249638884504,291300,291237.0,471051.0
493,0.8399999999998755,-2.7200000000000166,4.665242053796988,4.666600883011879,0.002340925043970744,420900,421008.6,440906.04
494,0.1499999999998902,-2.9600000000000115,4.666212083083307,4.663690010978199,0.0021286955241599345,308700,308787.0,548811.0
495,0.6399999999998798,-2.8100000000000147,4.666683059897265,4.663345603643132,0.002172661332664159,380400,380444.4,509948.64
496,-0.4700000000000965,-3.0500000000000096,4.666480892235935,4.6663983590729385,0.001793602000574842,244200,244051.8,375296.76
497,-0.2700000000001008,-3.03000000000001,4.6686227733665735,4.669644978677883,0.0019261778067417325,262800,262747.8,443135.16
498,0.8599999999998751,-2.710000000000017,4.668932308769819,4.668952948352649,0.0021266552447657245,425700,425636.4,385115.04000000004
499,0.8199999999998759,-2.7300000000000164,4.670378216427942,4.668838145290419,0.0022391656632860368,416400,416425.2,410124.96
500,-0.3600000000000989,-3.04000000000001,4.672756550237867,4.667073324024187,0.0016667058379895357,254100,254130.0,364860.0
501,-0.120000000000104,-3.0100000000000104,4.673755235127948,4.669948246298427,0.0019610716145423437,278100,278032.2,469343.16
502,-0.1900000000001025,-3.0200000000000102,4.674285787473926,4.674257784544569,0.0017415487938033337,270600,270690.6,414971.64
503,-0.8000000000000895,-3.070000000000009,4.674544119139946,4.675368386654262,0.001697033343596329,216900,216849.6,345579.84
504,1.1199999999998695,-2.5300000000000207,4.678598846409139,4.68035205517814,2.3579812191401172e-05,2556600,2556478.8,16472230.56
505,0.8799999999998747,-2.700000000000017,4.681035566604293,4.679545166762051,0.002173107858910586,430200,430297.8,365015.16
506,0.7999999999998764,-2.740000000000016,4.683911242989453,4.686623520969173,0.00200340424857012,411900,411721.2,393910.56
507,0.5899999999998808,-2.8300000000000143,4.684765640585147,4.685047857430403,0.0019927795752979947,371400,371323.8,478573.55999999994
508,1.1099999999998698,-2.5300000000000207,4.685020486382201,4.6889802107440195,0.0004503816488771366,2576700,2576891.4,18948146.04
509,-0.6000000000000938,-3.0600000000000094,4.685368158684199,4.687653548343169,0.001591358188762987,232500,232533.0,316611.0
510,1.0399999999998712,-2.610000000000019,4.688811914407063,4.689568932850405,0.0016104720650444455,474900,474774.0,205524.0
511,-0.7900000000000897,-3.070000000000009,4.690824138274297,4.692161933077269,0.0015535328918599247,217500,217368.6,304394.04
512,0.3499999999998859,-2.910000000000013,4.695210972999105,4.697114093177082,0.002099221601375378,334200,334258.8,534022.56
513,0.5599999999998815,-2.800000000000015,4.696676645696746,4.699135409660543,0.007346067830286448,2542500,2542251.6,24353497.44
514,0.6899999999998787,-2.790000000000015,4.697344813394569,4.697075746266639,0.0021103179651729303,389100,389172.0,454536.0
515,0.9899999999998724,-2.6400000000000183,4.699368446972347,4.699245983135063,0.001844257528353073,459300,459376.2,274453.56
516,-0.4600000000000968,-3.0500000000000096,4.701025303170429,4.701746899472527,0.001693184813472628,244500,244449.0,355419.0
517,0.8999999999998742,-2.6900000000000173,4.701367519775016,4.699077944686218,0.002375273966909016,435000,434983.8,368197.56
518,0.7799999999998768,-2.750000000000016,4.706186695287748,4.7075618871868485,0.0020350240099623104,407100,407122.8,401240.16
519,-0.78000000000009,-3.070000000000009,4.707406330938503,4.704330847785699,0.001624777703528685,217800,217962.0,309996.0
520,1.149999999999869,-2.5400000000000205,4.707965805267298,4.706447494654357,0.0016272717761178295,513900,513838.8,160774.55999999997
521,1.1199999999998695,-2.56000000000002,4.709838131866128,4.709517509932452,0.0016496736907465526,502200,502182.6,188517.23999999996
522,0.0299999999998927,-2.950000000000012,4.710947022638169,4.726193365920299,0.01704071466276086,2600100,2596493.4,500648176.44
523,-0.590000000000094,-3.0600000000000094,4.7115121755601095,4.7110629602956084,0.0017077279555239929,233100,233044.8,335352.96
524,1.009999999999872,-2.58000000000002,4.712475059754591,4.720915008354642,0.009496479653629947,2595900,2596115.4,31393302.840000004
525,0.4799999999998832,-2.870000000000013,4.712680549760441,4.70862895101003,0.0020541292712193174,353100,353092.2,515639.1599999999
526,0.4599999999998836,-2.850000000000014,4.713781008769448,4.717787146778294,0.00023176767956240753,2496000,2496460.2,20185995.96
527,-0.3500000000000991,-3.04000000000001,4.71500850532144,4.7161138091951305,0.0017398775842558875,254400,254355.6,366308.64
528,-0.0200000000001061,-2.980000000000011,4.715874891097355,4.564860950052102,0.07050263825661975,2746200,2448274.8,270772726764.95996
529,0.4499999999998838,-2.880000000000013,4.717511625275806,4.717361699928994,0.0023767470524247046,348300,348394.8,581772.96
530,0.2399999999998883,-2.940000000000012,4.718249558577886,4.718085124956836,0.0018006399933365338,319200,319185.6,462032.63999999996
531,-0.260000000000101,-3.03000000000001,4.718265963175806,4.719280651310137,0.0018296853854173098,263100,262991.4,400586.04000000004
532,0.0599999999998921,-2.980000000000011,4.719274190287881,4.71563276323225,0.0018894327616296453,297300,297248.4,482257.44
533,-0.0500000000001055,-3.0000000000000107,4.721205130539769,4.723458118013881,0.0017010578548748256,284700,284732.4,403590.24000000005
534,0.5099999999998825,-2.8600000000000136,4.723292633868314,4.725252110392717,0.0022137869565137533,357600,357525.0,538155.0
535,1.1799999999998685,-2.520000000000021,4.724066178392038,4.7210807253937555,0.0015197597429168791,525900,526012.8,178076.16000000003
536,-0.7700000000000902,-3.070000000000009,4.724277799218803,4.7228517470222995,0.0013700285247071186,218400,218471.4,251762.03999999998
537,0.109999999999891,-2.9700000000000117,4.725632946622312,4.7242300292644055,0.002048473879139203,303000,302984.4,507356.64
538,-0.4900000000000961,-2.8600000000000136,4.726871322790073,inf,,4197000,7856308.8,25691505091882.562
539,0.2799999999998874,-2.930000000000012,4.728885112514506,4.728061021135012,0.001803883399804429,324300,324249.0,449379.0
540,0.9199999999998738,-2.680000000000017,4.729327337043749,4.734091106202005,0.001770470326354154,439800,439608.0,299736.0
541,0.1999999999998891,-2.950000000000012,4.72979101584307,4.727886029700557,0.0020390391901338074,313800,313921.8,488984.76
542,1.0899999999998702,-2.58000000000002,4.730683519209046,4.730392644381853,0.0017992455944686756,491100,491038.2,203360.75999999998
543,-0.0100000000001063,-2.9700000000000117,4.730874405994125,4.733482547841526,0.0028491902624197527,2707200,2706507.6,79364622.24
544,-0.1800000000001027,-3.0200000000000102,4.731067056436502,4.732283592052321,0.0017165986351848947,270900,270838.8,380014.56
545,-0.450000000000097,-3.0500000000000096,4.735478588539731,4.734114911335682,0.0015731442474348793,244800,244887.0,319131.0
546,0.7599999999998772,-2.760000000000016,4.736344419119138,4.733285762431886,0.0020802673325822836,402600,402504.0,408024.0
547,0.4199999999998844,-2.890000000000013,4.737306519286541,4.739920814749649,0.002097116670653866,343500,343561.2,517174.55999999994
548,-0.1100000000001042,-3.0100000000000104,4.737503756234896,4.735085881958585,0.001602538181101411,278100,278083.8,388717.55999999994
549,-0.5800000000000942,-3.0600000000000094,4.737788766302971,4.738351703172919,0.0016974470649269158,233400,233506.8,334553.76
550,-0.7600000000000904,-3.070000000000009,4.741397801098868,4.742195344211029,0.0015400258459318575,219000,218971.8,291344.76
551,0.0099999999998932,-2.990000000000011,4.7419002476574015,4.740358339840455,0.0016798279068847126,291000,291125.4,416814.84
552,-1.2600000000000795,-3.080000000000009,4.74437589490616,inf,,186000,241290.6,252311796971.64
553,-1.25000000000008,-3.080000000000009,4.7443701162090886,inf,,186300,260265.6,334976414696.64
554,-1.24000000000008,-3.080000000000009,4.744632762708498,inf,,186900,233143.2,210585948413.75983
555,-1.2700000000000795,-3.080000000000009,4.744621986789107,inf,,185400,425263.2,1049349980525.7596
556,-1.2800000000000793,-3.080000000000009,4.745154163844859,inf,,184800,378618.0,856689185916.0
557,-1.2300000000000804,-3.080000000000009,4.745183746840599,inf,,187500,206020.8,84724923087.36
558,-1.290000000000079,-3.080000000000009,4.745975911416506,inf,,184200,470346.6,1238553387928.44
559,-1.2200000000000806,-3.080000000000009,4.74602125155886,inf,,188100,206587.2,84703984436.16
560,0.5299999999998821,-2.800000000000015,4.747597373905937,inf,,2743800,4981473.6,19556185162703.04
561,-1.3000000000000789,-3.080000000000009,4.747086599337992,inf,,183600,506679.0,1386819272979.0
562,-1.2100000000000808,-3.080000000000009,4.747143293292524,inf,,188700,197932.8,42426786764.16
563,-1.3100000000000789,-3.080000000000009,4.748432768492015,inf,,183300,617079.0,1814563671219.0
564,-1.200000000000081,-3.080000000000009,4.748553717933527,4.75072615752312,0.001596326854879826,189300,189154.2,431442.36
565,0.5399999999998819,-2.850000000000014,4.749168983213904,4.748893679289108,0.0018411998962854842,362100,361974.0,451404.0
566,-1.3200000000000784,-3.080000000000009,4.750021683906768,inf,,182700,791956.8,2441878325573.76
567,-1.1900000000000812,-3.080000000000009,4.750221236625175,4.749506783787365,0.0015486007496556971,189600,189761.4,393890.04
568,-1.3300000000000782,-3.080000000000009,4.751899264251552,inf,,182100,828420.0,2566607354640.0
569,1.129999999999869,-2.5300000000000207,4.752569049024945,4.680213341646155,0.058182638754587936,2538300,2460201.0,71594394939.0
570,-1.1800000000000814,-3.080000000000009,4.752174620218637,4.749280245407793,0.0015584516437094807,190200,190341.0,391779.0
571,0.4499999999998838,-2.8600000000000136,4.7528308469393155,4.752690564793439,0.001228838035265547,2470500,2468564.4,2150112932.64
572,0.6199999999998802,-2.8200000000000145,4.75423508623651,4.755098981278641,0.001898747301751746,375300,375417.6,424290.23999999993
573,-1.340000000000078,-3.080000000000009,4.7540717150368215,inf,,181500,966428.4,3008666956393.44
574,-1.1700000000000816,-3.080000000000009,4.754416460311901,4.752732177075338,0.0015863893710932632,190800,190870.8,387387.36
575,1.2099999999998676,-2.5000000000000213,4.7561598118732675,4.754905758440029,0.0013951208593420055,539100,538982.4,158610.24
576,-1.3500000000000778,-3.080000000000009,4.756466184225324,inf,,181200,1196893.2,3659867899673.759
577,-0.3400000000000993,-3.04000000000001,4.75702151560046,4.757700821018951,0.001477310372757341,254700,254701.8,315176.76
578,-1.160000000000082,-3.080000000000009,4.756946063336504,4.756420154821773,0.0015897000368088787,191400,191408.4,362089.44
579,1.129999999999869,-2.520000000000021,4.758044086955576,4.75982625995619,0.0001567068567428372,2574000,2573959.2,16088535.36
580,-0.7500000000000906,-3.070000000000009,4.758759695281617,4.757591084475142,0.0015214227561662038,219600,219531.6,274681.44
581,-1.3600000000000776,-3.080000000000009,4.759094742243345,inf,,180600,1261089.6,3823889641971.839
582,-1.150000000000082,-3.080000000000009,4.7597619941164595,4.7604459870667934,0.001679459875814094,192000,191958.6,382586.04000000004
583,-1.3700000000000774,-3.080000000000009,4.762018052615888,inf,,180000,1436176.2,4225436829853.559
584,0.15999999999989,-2.9600000000000115,4.762313818389325,4.7599083037241625,0.0018712290902984537,308400,308443.8,479221.56
585,0.3199999999998866,-2.9200000000000124,4.7623602334911865,4.764053113504764,0.0018004338607774532,329100,329046.6,467488.43999999994
586,1.009999999999872,-2.6300000000000185,4.7627442296245865,4.765435016638758,0.0017297343040879843,464400,464482.2,228503.16
587,-1.1400000000000825,-3.080000000000009,4.762864441159024,4.764855575393309,0.001529628074971495,192600,192498.0,322596.0
588,0.6699999999998791,-2.800000000000015,4.764292124960481,4.76192463351397,0.0022738555223798277,384300,384389.4,486827.63999999996
589,-0.5700000000000944,-3.0600000000000094,4.764311138327581,4.762942923534923,0.0014896936974086027,234000,234007.2,280388.16
590,0.9399999999998734,-2.6700000000000177,4.764630414418543,4.7638024414892115,0.0018179873021577637,444600,444472.8,267140.16
591,-1.3800000000000772,-3.080000000000009,4.765217536465646,inf,,179700,1426527.6,4206912748158.24
592,-1.1300000000000825,-3.080000000000009,4.7662527568374,4.765174318607824,0.001705327093071317,193200,193107.0,348291.0
593,-0.2500000000001012,-3.03000000000001,4.767381861842419,4.769137137696158,0.0015768778959733831,263400,263250.0,348660.0
594,-1.390000000000077,-3.080000000000009,4.768581096042301,inf,,179100,1592418.6,4533917481194.04
595,-0.4400000000000972,-3.0500000000000096,4.769874707969434,4.772546319426993,0.0014375317943720281,245400,245245.2,287076.96
596,-1.1200000000000827,-3.080000000000009,4.7699284950353285,4.769471249736608,0.0015125643747279816,193500,193651.2,310498.56
597,1.0599999999998708,-2.600000000000019,4.771050059661047,4.772098154598639,0.0017455059607980091,480300,480261.6,190045.44
598,0.3899999999998851,-2.900000000000013,4.771318401139051,4.770112893376174,0.0019334281611833885,338700,338727.6,466518.24000000005
599,-1.4000000000000767,-3.080000000000009,4.772262893522316,inf,,178500,1915553.4,5010224961808.44
600,0.7399999999998776,-2.770000000000016,4.774541338602959,4.775110332643781,0.0019333567873946295,397800,397764.6,371526.84
