dv1_x,dv1_y,dv_output,time_cost,orbit_error
0.4091193643972146,-2.880528016341857,4.050905028848457,354600,484306.5002409808
0.410798983360274,-2.879791874225268,4.035587395906685,355200,83032.50612434228
0.4111725069494079,-2.8794003028187576,4.015855589377493,355800,522880.85125835775
0.40929492912338583,-2.881372231826533,4.11201452327535,353100,1455953.6918943245
0.40997572242772945,-2.88058496389453,4.0731285685910175,354000,876743.7139179813
0.4104423305157482,-2.8793093694838574,3.9928324323770434,356400,1142102.2884416883
0.40994822260546243,-2.879914859300778,4.025674255867246,355200,180499.85177839088
0.4077953806108569,-2.8790744386182396,4.149019781914474,1435800,2095967.0805860665
0.41244882303277713,-2.8787193265252426,3.9950349181890106,356700,1084580.9161763613
0.4102862891338369,-2.880436362365258,4.069505318292254,354300,730565.9544736713
0.4115612842646701,-2.880268372080397,4.084937692655773,354000,1029917.3349825095
0.4108121184791593,-2.8807845084324915,4.104084623807812,353400,1352649.7886187932
0.40892721218881,-2.8805092421301874,4.04543391610804,354600,345596.9323944921
0.41066817781467935,-2.879233415229775,3.992376246749158,356700,1214565.8482025384
0.4100829210464341,-2.8805575520233697,4.07351974521806,354000,884648.9149581894
0.4100435331242991,-2.879973684667704,4.031936619551197,355200,82187.88421303796
0.41017324090669055,-2.881241288941058,4.1212647032159575,353100,1639507.1036464344
0.4109482945914987,-2.878897177497296,4.200859191874162,1432500,2842567.0042754523
0.4109581604310133,-2.879456361073325,4.015120506319804,355800,463253.65329897066
0.4093749779962967,-2.8799327601765516,4.01424022556938,355500,469294.08503491676
0.4091944606342863,-2.8806731951413216,4.062601914055149,354300,598104.7549269588
0.4088420639217714,-2.881223503745576,4.092748774308341,353400,1216365.167117368
0.40804924665057707,-2.8804596544691767,4.022734268007156,355200,279226.49169108004
0.4114127895433204,-2.8798204246287087,4.050944061515394,354900,420658.42306149914
0.40888605585876237,-2.880059929761289,4.012528815738907,355500,504915.21569223853
0.4104259582474866,-2.8802400209176384,4.058930783924259,354600,524752.1848134634
0.4094755151418229,-2.8800132667854745,4.0222813346030195,355500,238704.46692155264
0.4085961806647087,-2.880037649806433,4.004412537136509,355800,807952.7942974227
0.4103521873630734,-2.8819897043504037,4.173001778754128,351900,2375788.728065786
0.41082911296679747,-2.8796565964227887,4.026638486011605,355500,118609.88943643749
0.40985000073208916,-2.8795040904929965,3.9936649612600013,356400,1150631.219797365
0.41034357567534285,-2.8803574006733403,4.065290182115875,354300,667652.8505197742
0.41031925486743803,-2.8782423046268093,4.145407300530193,1435500,2100840.5937024187
0.4107897568778938,-2.88017178262785,4.061995664586574,354600,555903.1928049163
0.4087060332963364,-2.8796332147297363,3.977082281355446,357300,2253372.099173753
0.40927508531813217,-2.8813458123065923,4.109857994768541,353100,1406347.1033239178
0.4092279101848932,-2.881425043432146,4.114142163305943,353100,1492591.5622822251
0.41121470069299887,-2.8803703358197517,4.084581574249486,354000,1037371.8469311887
0.41049427447308123,-2.8786722926524915,4.177304817940243,1434000,2527529.4983790824
0.4089114875177225,-2.879920813118069,4.003008895418473,355800,804707.2850262115
0.4103855434645265,-2.881816213201483,4.162675713203793,352200,2215655.600255456
0.4121266511211455,-2.8792174105299306,4.023946018593781,355800,180935.30549663788
0.40973480317961836,-2.88104616491266,4.09933077001145,353400,1305950.6523377886
0.4099897173558185,-2.880749743539235,4.084663883693873,353700,1012944.0387668281
0.41038843354401466,-2.877472986333534,4.094377762461482,1438200,1270634.7352786155
0.4104268650699304,-2.8795932548260055,4.013156058792314,355800,437550.6999194183
0.40974254277844957,-2.8806929787617297,4.075585193563979,354000,860970.303004013
0.4106167791125358,-2.879187880259541,3.987816896598213,356700,1349871.251100739
0.4116931750594808,-2.878920605298628,3.9926368306863402,356700,1204685.7650382402
0.41032354622119205,-2.8798321869449235,4.02803727986676,355200,133717.4177303642
0.4093169303252528,-2.8812679511268144,4.10554349867655,353400,1404873.532445865
0.41072810350783756,-2.8810881649410667,4.122464106381829,353100,1609457.4137621853
0.40897445982191605,-2.8790995808126567,4.174608628829324,1434300,2515388.828624386
0.409874115502758,-2.8785828274840166,4.158899300512578,1434900,2351024.3417810937
0.41056905809240596,-2.879847001424468,4.034463443818849,355200,59396.394892470504
0.4104408750430254,-2.8801016472553203,4.049634210618942,354600,401307.17852439126
0.41093742827451624,-2.8785197774298834,4.1762857076443,1434000,2548490.223742202
0.41136095909192455,-2.881320883626205,4.150284468005889,352500,2069842.931271273
0.4089844987707472,-2.8806630877893675,4.057411657380474,354300,541645.6423011392
0.41151818921312466,-2.880895967053292,4.125879655230221,353100,1713445.5132261931
0.41145774878426444,-2.879556080209185,4.033336179471155,355200,25953.849202186873
0.4088970725633989,-2.8787455755810987,4.1497109121819795,1435500,2137290.989803205
0.4112037529891019,-2.8792778913376544,4.007702753180262,356100,685321.2681361741
0.41066544275918004,-2.8803596482499305,4.072280606736519,354300,866610.3861157451
0.4105711931266766,-2.8815909715591594,4.151954484471804,352500,2101036.7216029824
0.4106267875503016,-2.8799685980159357,4.044299741266886,354900,269232.0649938598
0.4106530715906288,-2.8798944783643203,4.039684561013489,354900,143534.04225936419
0.40857766967682824,-2.8807504542705806,4.054767164220883,354300,526556.6240174565
0.40890813623096206,-2.8800546458896163,4.012638806019981,355500,534816.2528122936
0.41070498590289767,-2.8807397032325635,4.0988704589300555,353700,1258057.9584328672
0.41052614763955825,-2.881790321726821,4.163789991926764,352200,2279447.7380999057
0.40818288847545503,-2.881347187048863,4.087389555978534,353400,1082127.607630905
0.41215689704272473,-2.880811911272412,4.133295472517823,353100,1764995.0530231493
0.41035646962618916,-2.879321763088795,3.991797423012633,356700,1280121.496182606
0.4112745095646915,-2.879749436998739,4.04299769768255,354900,226084.57857632893
0.4104649783521696,-2.878934436065359,4.193671784144599,1433100,2778284.268527038
0.40965435212225787,-2.879743851526793,4.006794260694075,355800,762122.4631646225
0.40949471732184706,-2.8816514734807424,4.1343994391838095,352800,1812000.5668626307
0.4106970689545732,-2.88183783922996,4.170141544136447,352200,2319153.2923108977
0.4085257267801684,-2.879365501540595,4.182905178457217,1434000,2667230.8734420855
0.40838831339432646,-2.8794883708475294,4.188112838620533,1433700,2642210.86844365
0.40872708128604496,-2.878772501501245,4.1480177304849395,1435800,2186648.5652334485
0.4094600469148918,-2.880027783524916,4.022984368759186,355200,223079.8991206995
0.40919681525919493,-2.880149658603398,4.025852859540253,355200,109456.68185150251
0.4096587738120591,-2.880631576170132,4.069625704798347,354000,726862.7256192062
0.4093623468407272,-2.880337869583114,4.042845913333071,354900,231898.62110137864
0.4093484954040026,-2.8792998457872994,4.195020105248059,1433100,2744375.4891737467
0.4098244534636119,-2.879700918139719,4.00748938374129,355800,663540.7586541106
0.4081997762122692,-2.878663603243136,4.129804000498789,1436700,1819573.6301075832
0.4095547287269404,-2.8809972787390734,4.092316244570133,353700,1139289.634657854
0.41003819180813506,-2.878869994640411,4.181009592577321,1433700,2582701.3011229783
0.4110477309903649,-2.8792494938150295,4.002167979839495,356100,881555.0781872936
0.4103651454176874,-2.8802616518606254,4.059132147130146,354600,512896.8946601177
0.40994653047043017,-2.880008998352588,4.032318743627336,355200,62999.78857885331
0.40927296359739934,-2.8796133828386528,3.988642188783272,356700,1356590.6456237196
0.4107281959277007,-2.8793658012316623,4.003403264583525,356100,830262.7204284878
0.4092927574975304,-2.8799239514855786,4.011790601493566,355800,552498.4322397298
0.4113859440330696,-2.8797946902576492,4.048560676795758,354900,334990.98737238284
0.40927062861092883,-2.8809036743548226,4.08004605870581,353700,897602.0306664
0.41201005055490036,-2.8778659282494217,4.155120598223631,1434900,2232834.636964023
0.4104218721146499,-2.8798203600211627,4.029349333668776,355200,104448.9388716433
0.41093192679084634,-2.880994109088735,4.120423754312003,353100,1565255.0033005853
0.409129165954647,-2.881258856360883,4.101061394728795,353400,1285382.9804074473
0.4085021513426078,-2.87919330344737,4.171254784199452,1434600,2496793.1302415906
0.4110456455436504,-2.8792479340605515,4.002006377443042,356400,808342.2690098209
0.4078876386168948,-2.87985194706973,4.201552977351268,1433100,2855670.356713081
0.4094426572925186,-2.88039573256794,4.048619713605648,354600,306541.5954147582
0.40972942782546323,-2.879280342450481,4.201288300390361,1432800,2846111.9286794085
0.410892803785574,-2.8802926125928123,4.072497255865123,354300,825780.4527219984
0.41103960973599196,-2.8798319926255807,4.043676782991504,354900,203247.47034442337
0.4078333605987127,-2.8817663053688385,4.108280969448106,353100,1429007.8092376813
0.41199981295752397,-2.8813927007352795,4.167458998831236,352500,2397900.570010829
0.4105014759680861,-2.880740060146238,4.094668924220885,353700,1125036.4867297409
0.40911582700004906,-2.8803547410789907,4.038652079945329,354900,142808.36544308817
0.40902009610058804,-2.8802531191539025,4.0293680654703,355200,108345.51571753738
0.40958799354497333,-2.8789698601219667,4.178484514092057,1434000,2596267.4268588247
0.40953148090898717,-2.8792465924560773,4.195222882991418,1433100,2778105.430406185
0.4108275848789368,-2.8781843012456885,4.152003847388183,1435200,2189332.443373551
0.4106447459070768,-2.879922301144161,4.041445540471086,354900,206959.24131496856
0.41187557101244443,-2.8795887327633762,4.044761146660137,355200,327271.03420161887
0.4099854279412612,-2.878910537847714,4.182585276524585,1433700,2622350.9557947
0.4108880476804817,-2.8791136649704114,3.9885286428668945,356700,1333186.9295806782
0.40974904273783225,-2.8778110911193995,4.104150929943046,1437900,1491258.5356237257
0.4095079170863068,-2.880528638485814,4.059288387298554,354300,501460.8901141499
0.4084662458635175,-2.8799506987072596,3.9951263290770447,356100,1087150.3968452096
0.41083999271138144,-2.8802191703843834,4.066336667015164,354300,677472.162089715
0.41012054100855694,-2.879215677867175,3.978480919262185,357300,2037346.0282379414
0.4112075531894981,-2.880386140121042,4.085503381014599,354000,1083010.7149103945
0.41025899512271324,-2.87963344648368,4.012309718865775,355800,543784.756590638
0.41080803895402346,-2.880320739881481,4.0726316210483855,354300,803870.5891765659
0.41243101955104045,-2.8792992066903045,4.036474404304514,355500,52317.263321157545
0.40889485765286376,-2.8805296379117404,4.046163469943733,354600,315206.1539147992
0.4073859147245054,-2.882007029241333,4.115105161772008,352800,1542572.8971040216
0.4096398848079789,-2.8776856332700183,4.093094215691703,1438500,1311661.1749137547
0.4108279695367966,-2.8823807201681206,4.2064606263340565,351300,2705965.863327992
0.4087455438864166,-2.8804238672638762,4.035462622802938,354900,71405.00752807366
0.40989496584616886,-2.880510618919467,4.06629749397403,354300,717565.1029258508
0.41044335664288195,-2.880569681306595,4.081932333717523,354000,1017073.9738287812
0.4110453073484336,-2.87858635296451,4.182782991630485,1433400,2611781.518920178
0.40991413992558334,-2.8799404184919446,4.026732076295296,355200,210991.24762946076
0.4107994045288047,-2.8795627627616156,4.019294020435417,355500,382876.6846356723
0.40846961717648717,-2.880887987350602,4.062027259018666,354300,531056.8611992924
0.40942010752616503,-2.8800909493403335,4.0265799255039525,355200,195776.34013274784
0.4090434444882845,-2.87963932770962,3.9852707214224603,356700,1522005.194373486
0.4106700664522455,-2.878663320503919,4.180258682224036,1433700,2601353.3312033727
0.40975489983122304,-2.8808375306774527,4.08569138293928,353700,968426.6788991564
0.41113048649699785,-2.880010778831009,4.058120446241833,354600,510470.2865452347
0.4096319705767474,-2.8797281352375257,4.005177200537936,355800,743162.056074824
0.4094127665273565,-2.8803200015664867,4.0426784175571955,354900,224108.39784003407
0.40903035942921734,-2.8800875876453746,4.017729347989123,355500,373182.4087895412
0.410733795743778,-2.878487102474897,4.170053599905626,1434300,2376833.717258971
0.4104029944759485,-2.8789486823820507,4.193359831857709,1433100,2740037.232022478
0.41205425731787965,-2.8807247309249804,4.1255298317402955,353100,1759333.6421721433
0.4116176351042335,-2.8809057447140507,4.128531086428589,353100,1700458.0747848055
0.4107754797456705,-2.880149046428174,4.060105309059632,354600,585253.8074315749
0.4102657187296664,-2.8790724042044853,4.198575174783175,1432800,2820382.874249512
0.40981075154914276,-2.878841071567813,4.174555351773441,1434300,2505966.2114764294
0.40909732219640965,-2.8810172995196632,4.084120489041978,353700,973336.7239836606
0.4094324650055155,-2.878750822812862,4.160995925185057,1434900,2353401.146362534
0.4108475664508419,-2.8810638861633966,4.123294005094078,353100,1676695.3352477266
0.41042470887507126,-2.8800977086795427,4.049005815222586,354900,299236.5738209187
0.4102920281745415,-2.880536538527904,4.0764912123562755,354000,926644.1366319496
0.4086127186026788,-2.8788607497699754,4.151546770559088,1435500,2252903.5017524585
0.410477322783262,-2.8774907306040522,4.097533711650241,1438200,1410953.408544709
0.4100126113539257,-2.880898355146112,4.095168824365433,353700,1274314.897921653
0.4108262794437235,-2.8812168520697026,4.1328707078742095,352800,1749301.8478701282
0.4102258923754766,-2.881689681777579,4.151444053118688,352500,2054224.5881379903
0.4099974727559387,-2.8801569332799133,4.043884635603794,354900,166460.73997699877
0.4099687677165762,-2.8798120167937977,4.018727148092689,355500,398189.2156919282
0.4085983119226869,-2.8795783040461154,4.1980431679749,1433100,2861061.1790176816
0.41175920538687716,-2.8798197922731754,4.058376484871459,354600,541624.5604716415
0.41139088564810844,-2.881675583008479,4.173436935634,352200,2412175.3828407293
0.4079843244427224,-2.880204036705751,4.002800831103149,355800,828113.4520252391
0.41140942826469634,-2.8807123320298587,4.111558523654726,353400,1502718.9942809297
0.4103660931088722,-2.879777326486745,4.025050508664815,355500,155276.1047309235
0.40836814678721267,-2.87844154191215,4.118247155496868,1437300,1727051.601799257
0.40963558203690364,-2.878734031130295,4.164006672627576,1434900,2364027.411342667
0.4115577537334932,-2.879778673704854,4.051157882071189,354900,468923.5367737678
0.4089643137400233,-2.879809923414037,3.996072999638047,356100,1090500.7315496015
0.40950623049147944,-2.8801597544521997,4.0334061633033675,354900,19868.981336815792
0.40886857617379396,-2.880465512287161,4.041118289443693,354600,194808.3113838631
0.40991666874021326,-2.8800484667770565,4.034486063159658,355200,54707.22315480493
0.40932915452197427,-2.8812536455866193,4.104838036300636,353400,1367562.2434663246
0.40782758872357505,-2.8792257810535746,4.159710962674556,1435200,2260427.433730542
0.41067179575122814,-2.8791154171499844,3.9836911285555745,357000,1636408.259298704
0.4097916828939438,-2.879635891488545,4.002004490694536,356100,848576.4728767077
0.41100410951650757,-2.8807055192698003,4.1027737411734755,353700,1378784.7243515926
0.4083840414628525,-2.8798194690493837,3.983555421996474,356700,1672186.335251223
0.40922865245236917,-2.880763909841341,4.069586076742161,354000,735805.3074440215
0.4107922357689449,-2.8792930526037464,3.9995510106142707,356400,921885.7810825392
0.4080436532227924,-2.8805001621292257,4.025539885920512,355200,241721.59171112266
0.4088646845711773,-2.8781311177599975,4.107418693464332,1437900,1583480.2395131993
0.4083482124389077,-2.879163093302853,4.166138417705698,1434900,2447400.1414042963
0.4080824189591863,-2.877776024484091,4.06557369154658,1440300,802795.7469213759
0.4098270879194548,-2.8791993285979194,4.198019903812225,1432800,2803772.955988569
0.4112986480374561,-2.8793132253781097,4.012419827793602,355800,515454.032921602
0.40986965384618546,-2.877835493775388,4.108403262685034,1437600,1551970.367531402
0.4107905427382974,-2.8803248815096167,4.07254501319679,354300,800624.7345287667
0.4105220566154248,-2.8793867773564603,4.000325586847174,356100,876393.3781419513
0.4090110887041795,-2.879690113025116,3.9883399210408585,356400,1443948.6873155874
0.40997750214116613,-2.8819835031031276,4.165294937248497,352200,2209992.186969352
0.4097209221368288,-2.8817065535874757,4.142495975500649,352500,2007432.6821905486
0.41052871683384157,-2.8796552894740355,4.019901887460462,355500,331948.25193037064
0.4112137271285061,-2.879950494058779,4.055732683968244,354600,509319.73845523177
0.40862444161145683,-2.8817354992172506,4.122346902940756,352800,1638124.0282203616
0.40927355866258347,-2.8791220256087495,4.182050489131754,1434000,2580849.7694735182
0.4099308002036264,-2.8806882811480303,4.079232956171164,354000,995966.6974702813
0.40899076394803263,-2.8794257815001143,4.196014412023788,1433100,2785512.1855747225
0.4083752453558998,-2.8794630485406874,4.186206384678221,1433700,2660907.9421921005
0.41030228605576086,-2.8803436323471496,4.063457525514615,354300,697013.3008763695
0.4097260589581726,-2.8803867240195102,4.054103556618618,354600,491259.55256093835
0.4100884978236221,-2.878479028147287,4.156404289637581,1435200,2308512.0999727678
0.4088888226452254,-2.878655273383653,4.143516279390781,1436100,2020820.9190885061
0.4097516289792429,-2.880310926600943,4.049363261599595,354600,388298.2411097656
0.4097917873498329,-2.879763034268816,4.011254267359781,355800,578161.8307538333
0.40985930960723294,-2.880117725886008,4.038114679799278,354900,145949.10626307336
0.40889094903679124,-2.8815826616572138,4.1176998190614436,352800,1570443.6464135859
0.4097791420132877,-2.879447948484069,3.98791100616745,356700,1372584.886276085
0.4076823678737207,-2.8776932165506093,4.050755354336475,1441200,492697.0494861547
0.4092167510985775,-2.8804538141129523,4.047806495280785,354600,353866.63921503664
0.40686215267242454,-2.8822037599063184,4.1174662480452735,352800,1576809.9168238365
0.40935588863680406,-2.8808516027180477,4.078282402529512,354000,937868.9284963864
0.4096763332931551,-2.87821490319676,4.130239425019554,1436400,1894010.5055567576
0.41002432489749324,-2.8812004787034438,4.115544233886138,353100,1517671.0008000464
0.4081595616891307,-2.879128951748488,4.160066191967768,1435200,2379894.0675114593
0.40955956380049213,-2.880747715020902,4.0754672346080705,354000,901777.7737925266
0.4106566140749855,-2.880262307871573,4.065399997543233,354300,708302.0655937637
0.40967125122226,-2.8796631751905677,4.001281604331327,356100,900504.4571592868
0.4084182996419144,-2.879187350707728,4.169141673807015,1434600,2413777.5450917445
0.40943088539107997,-2.8792783518290817,4.195267818173593,1433100,2793726.6072719377
0.4102398387753457,-2.879074502832677,4.1981964904294395,1432800,2844129.90261388
0.4098194135166416,-2.8796728510451484,4.005370248020452,356100,774596.3338802538
0.4087633196113645,-2.880675440423487,4.053540050509839,354300,463571.19831292884
0.4105390947175186,-2.880254084578174,4.062341097078549,354300,618779.6413868396
0.41063925189889594,-2.878983218398511,4.2002290916142275,1432800,2887037.4033160442
0.4100789821028135,-2.8811504907933108,4.113357701729344,353100,1483264.8271854925
0.41078160315299744,-2.881091960869867,4.123799083685557,353100,1679264.5669802101
0.41022723086686413,-2.880280006650181,4.057444479124112,354600,556625.9277898094
0.4102930331040131,-2.878060338536299,4.132646279618407,1436400,1980939.9992039977
0.41103085019269053,-2.880783853113914,4.108536598090401,353400,1432889.0909951977
0.41109664311964406,-2.8815385789983994,4.158983293554012,352500,2145775.0332729453
0.4110785095012926,-2.8794389696679845,4.016551421695646,355800,384190.25994425674
0.40865441623813253,-2.8796135802009117,4.2013928299655685,1433100,2846192.6080923416
0.41096397309218463,-2.87895510152042,3.97850648448696,357300,2009465.0388653348
0.4100703794415174,-2.8804895607775145,4.06858068855914,354300,800594.2506170974
0.41081014840330665,-2.8773152201992103,4.092460429147564,1438200,1279055.246476415
0.41076022225127595,-2.879269333887305,3.9970704880491175,356400,992769.5238241379
0.4110872820507321,-2.880428242759427,4.085837882450537,354000,1021017.1894623722
0.4087506711734789,-2.8799649420064437,4.002606811145559,355800,832893.9731478887
0.411516660897867,-2.8803437297314627,4.089103983405367,354000,1052458.455266803
0.4116720634511645,-2.8797045393083547,4.048448847728746,354900,319946.46157249564
0.4098899715508148,-2.879195839782721,4.199050246278928,1432800,2830093.263417362
0.40981030465086105,-2.881022370790261,4.099299369624729,353400,1228453.980039951
0.410734494587058,-2.878761904116271,4.187916595280035,1433400,2654447.556940942
0.4081782456696885,-2.880485034569646,4.027412961474024,354900,115619.97670186692
0.4095033374782301,-2.8796607036229473,3.997338626216795,356100,1030162.985436325
0.4090210399275683,-2.8798742476878787,4.002091282577727,356100,865366.2512393314
0.4102859259765071,-2.8794139763128266,3.996940268472166,356400,1045002.7179383433
0.41041614579022057,-2.880753463735528,4.093797289017349,353700,1223229.6268001257
0.40942000645786847,-2.881659720329138,4.133435497064611,352800,1754464.0467533306
0.409947367787128,-2.8801711579137406,4.043801847495803,354900,224945.23725182668
0.40973798009546525,-2.878514595442248,4.151592246652948,1435500,2155113.321407215
0.4100724729721171,-2.878767920813448,4.175058339498271,1434000,2482443.4328975836
0.41010971784372907,-2.8817219391274453,4.151212011997366,352500,2087094.238733267
0.4080146837556958,-2.8802101369363315,4.003933321131701,355800,810368.9872748542
0.41098253697148585,-2.8811706551601097,4.133006817343352,352800,1772829.3055827997
0.40999563522553384,-2.876515796684468,4.0166009504869695,1442700,231508.68978743354
0.40976030105401345,-2.8805922334379312,4.069073468686712,354300,730330.1702320849
0.40898497103344805,-2.87878545861568,4.154161953531692,1435500,2233137.2874726094
0.4099452328400153,-2.8804466378608926,4.062951268353363,354300,615326.2994500741
0.4093608558057827,-2.8798885632722,4.010728876543347,355800,607598.4317689915
0.408562191806701,-2.879355910140894,4.183009928501395,1434000,2576168.976110252
0.4090080118080866,-2.8804234205336394,4.041177926698389,354900,234747.00579730608
0.4102715347507627,-2.878674489780844,4.172962873535126,1434300,2475681.869925563
0.41021886638832233,-2.8776976465324635,4.106331425560103,1437600,1487324.3792756186
0.41058135244475125,-2.8811946795175145,4.126479166813627,353100,1684724.4342639865
0.4120424262537,-2.878974613180003,4.004530385118726,356400,747998.4185119115
0.40834981380589364,-2.878479047461197,4.120400267172404,1437300,1755828.9467401449
0.40978243266999703,-2.87945398496291,3.9884436813038735,356700,1354966.6591703135
0.41084274421771977,-2.880414002472684,4.079738797625141,354000,932867.5309265963
0.41042946737530045,-2.8807230373605215,4.092025637675121,353700,1117361.2906266027
0.4098245906360221,-2.880100699584484,4.036168287038332,354900,138957.55557276006
0.41065447065278493,-2.880017488080728,4.048341786935899,354900,303652.3438116864
0.4109182163749175,-2.8812036247762607,4.1338591004386736,352800,1736562.7893665
0.4103262152604415,-2.878914670690739,4.189634873766349,1433400,2697163.5736779384
0.4099287696998716,-2.880079641419444,4.036950882436581,354900,113326.14218503007
0.4106274093975891,-2.879192646662498,3.988402179984722,356700,1285805.164960682
0.4085563873897259,-2.880467309854623,4.034409632953138,354900,102250.70915696549
0.4101864660552945,-2.87963498892171,4.010800263236099,355800,581909.0264980964
0.4105869645174481,-2.879513660108644,4.010981903834069,355800,617303.0523836873
0.4099436011019506,-2.882217568039919,4.179399723070936,351900,2405323.729622769
0.40987566438302864,-2.8812960672839925,4.1188228646971865,353100,1577620.273649949
0.4093628182254714,-2.87816230266657,4.12009518510614,1437000,1716486.6332326974
0.4098382346083435,-2.878837591140675,4.174879359831602,1434000,2533801.088626124
0.4091768083259788,-2.879875642802606,4.0056595453486,355800,754797.2495615146
0.4106850055684956,-2.8791829832378886,3.9890002694445865,356700,1374823.0943796984
0.40871582389183986,-2.8800277397732694,4.006391373244613,355800,750832.7394591506
0.410188562381835,-2.880627793542672,4.080532865071733,354000,955304.5044443933
0.40894879731152817,-2.8803124214467006,4.0320198024503355,354900,45336.14803099028
0.40814181119361015,-2.880283899104468,4.012126856433147,355500,508547.9093374958
0.40960995072733136,-2.880415949353467,4.05364448803005,354600,496712.37389773433
0.4101515465882811,-2.8819519564877405,4.166700731019129,352200,2255658.3395723114
0.40951007132182,-2.8803532538612417,4.0471088342864885,354600,329847.50942144793
0.4102951586009495,-2.879666006362813,4.01549742018672,355800,408385.0563106837
0.41039400899653466,-2.8817112431262184,4.156145948375757,352500,2076689.5548498377
0.40904872205912374,-2.8797984106961407,3.9971278881669186,356100,1002941.1599623712
0.40956941578098216,-2.8802586287477663,4.041745330494796,354900,249584.17379211506
0.41006741660034723,-2.8795002877749076,3.998362222401636,356400,1001030.7020931514
0.41015953986191606,-2.880200007061068,4.050415205522706,354600,360197.2139308085
0.4092287393431494,-2.8803599551428074,4.0414926590198865,354900,177076.2743981778
0.40989131245410587,-2.880261896032115,4.048952039752976,354600,384371.33032304136
0.41042618626548416,-2.8797187424964568,4.0221683478651595,355500,264907.186158084
0.40967948052301256,-2.8789814036745986,4.181045309181147,1434000,2573790.491626231
0.4089552647369551,-2.8814974737708106,4.1133728344006855,353100,1493561.7467592375
0.4102668065993548,-2.877066656779746,4.063005233988904,1440000,760845.1435691838
0.4094764028788891,-2.8784623608567035,4.142732102087501,1435800,2153817.7621030053
0.40897451495480536,-2.8797351546348757,3.9907985951300002,356400,1259968.6256275347
0.4108162802662625,-2.880532379250961,4.087226046379691,354000,1169407.8835253003
0.4102099900005413,-2.8789597277553978,4.190225277032964,1433400,2677782.179657769
0.41052503357235365,-2.879736362262839,4.025629560052308,355500,209361.57130718714
0.4093020403796598,-2.8795991229785773,3.9882371743229275,356700,1398690.1443219061
0.40871181748061136,-2.8789588259323438,4.16006094278562,1435200,2386215.2701835874
0.4091085624499767,-2.8793759872271973,4.195146836465828,1433100,2777088.622014923
0.41152443545321926,-2.8794598359777215,4.027926968462174,355500,128364.25846539954
0.4109375670526328,-2.8818064265082945,4.172847660711547,352200,2366045.4731588103
0.4103981072372124,-2.8798914627469325,4.033869181626764,355200,12771.557995191115
0.4090943818236267,-2.878744908956042,4.153706979323681,1435500,2216684.8602461694
0.4110382598946241,-2.880179973099555,4.06785241139645,354300,683206.2132756617
0.4103284314849476,-2.879398951217682,3.996801199676586,356400,1006551.6000737497
0.40912377807871875,-2.881545255304736,4.119963863952952,352800,1545275.1870380335
0.40917265639802614,-2.8807706684948173,4.068865234128623,354000,748342.2362033245
0.4097804267354617,-2.8807325016430747,4.079086016144532,354000,890829.4712071288
0.40968325756643775,-2.880275945152997,4.04545839340491,354600,313909.2615679944
0.40872734530650157,-2.8796622149520785,3.9797261659848933,357000,1918021.8114103149
0.40954584584037784,-2.878755630404214,4.163610102442323,1434900,2405760.694708365
0.41056767952590906,-2.881792667450058,4.1647533648181305,352200,2267285.802954379
0.41001815987145773,-2.8806550520952445,4.078804793034901,354000,913804.9774817503
0.4111383940530122,-2.8797011074624215,4.036586850887815,355200,131247.48143886277
0.41135473699718567,-2.879114242125131,3.999168719778843,356400,914225.0917561867
0.4097789804730894,-2.8787699106455578,4.169263574158331,1434300,2417038.5529731773
0.41074141579254386,-2.881509727847741,4.1501165505773825,352500,2036832.2333212907
0.4107126485155206,-2.881059824122087,4.1202879829383106,353100,1613654.4206262226
0.4088393357457494,-2.8802298601593783,4.02370678754116,355200,210659.34371336224
0.4114641073209302,-2.8795720311041677,4.03459274925034,355200,47118.60486238294
0.40900739740833825,-2.880672449597769,4.058550073843149,354300,483175.8284053984
0.4093216325971426,-2.880802904382545,4.074221427663629,354000,861827.0953742958
0.41030565505614225,-2.88122270978946,4.122731320883029,353100,1733623.1072520353
0.40802312274407154,-2.8806670073599263,4.036949241081155,354600,62714.91794245118
0.4102101086861845,-2.8802998675781653,4.0584670776829075,354600,547693.0211163233
0.40971630242689266,-2.8802224056020185,4.042385517495808,354900,217639.7734913529
0.4092532413682281,-2.8808658330289263,4.07709103155873,354000,901894.9437155396
0.40980501095727523,-2.879613692770531,4.000681514435922,356100,873713.1069601874
0.4097622553675386,-2.8800640168567235,4.032192161003969,355200,16106.710347878947
0.4091534601156435,-2.87922503053644,4.186337794282215,1433700,2676271.171104001
0.409698390151411,-2.8794844011374674,3.9887813944552173,356700,1429172.3705444608
0.4104590656053991,-2.8801759828068874,4.055180771124488,354600,463826.26469981123
0.4099779835234673,-2.8807520727876885,4.08457605383123,353700,1008069.1407563987
0.4099708936897655,-2.87854865491603,4.158613766573056,1434900,2326912.8434841326
0.4108259287877188,-2.8796658726195954,4.027235869025962,355500,96862.36575528982
0.4097348099342781,-2.8795193965392434,3.992180237643003,356400,1218623.6744539917
0.4110788463626817,-2.879495130301819,4.020635093650748,355500,271974.75847358396
0.4084971623901782,-2.881358557714474,4.094678948693862,353400,1174326.9640447018
0.4089657913951292,-2.880299662432801,4.031493069068199,354900,24673.893473799435
0.4086716417971634,-2.880234617386829,4.0203624222785255,355200,364342.1247423951
0.40947231531173406,-2.8797689960641,4.004564748542688,355800,786441.4451653023
0.40953773284896117,-2.879597852193279,3.993475729585446,356400,1132592.9497426958
0.41102752176267776,-2.8800380444819043,4.0578066133982755,354600,528122.7997634688
0.411415168006354,-2.879904252885256,4.056848523733889,354600,475678.74325303396
0.4101105368669239,-2.878597951249088,4.164704203978652,1434600,2406896.813072103
0.4106480387617808,-2.879125085295684,3.9838646596116005,357000,1601088.0834821044
0.40969579255658617,-2.8794038801196398,3.982749954267423,357000,1601148.0057383834
0.4097832012245142,-2.8806306056663575,4.07218337337096,354000,845691.3570841704
0.40931824497322633,-2.8814052946334865,4.114679254143931,353100,1503472.1071756773
0.41014886665159184,-2.87856032125823,4.163004577346019,1434600,2397543.686657543
0.41094292485547046,-2.8790285636464863,3.9834696916492094,357000,1601825.3914764128
0.40968378553067114,-2.8791666501337936,4.193096794924235,1433100,2706320.811574849
0.4081803165721967,-2.8794650969078046,4.182465737604288,1434000,2589332.1220609755
0.4107615783408345,-2.8802262639954934,4.065155703937284,354300,658652.459273321
0.4089474015648636,-2.8803620738660336,4.035492554710228,354900,46115.84552681203
0.41033461426215395,-2.8810821240584006,4.114059062634556,353100,1505416.6816877278
0.4100081840262012,-2.8818690152995603,4.1586185438758365,352200,2231646.4167281357
0.4101995603688093,-2.87930302088246,3.986797706703872,356700,1493280.6902070325
0.41290579843142045,-2.8802948679187717,4.114586830814793,353700,1495810.3770484696
0.41079191969619683,-2.8796350992462605,4.0242707826097,355500,317583.35563220555
0.4107991279935381,-2.879461613115901,4.011962871849472,355800,483455.38324103615
0.4099457700885754,-2.8793528022288104,3.9847267706122924,357000,1555242.5450802473
0.4109179938660481,-2.881960119042362,4.1821290722699835,351900,2546855.934355315
0.4091630181010007,-2.879557238205781,3.9819365310644494,357000,1763438.822641883
0.41013682884444264,-2.879305325219131,3.985571870276056,356700,1455245.381657316
0.40853415738127785,-2.88006803125793,4.005234728241334,355800,727690.8896929114
0.40936629813555414,-2.8791005203659457,4.1825091878201315,1433700,2637353.4372054953
0.4102387872632499,-2.8788436397555444,4.183312109013185,1433700,2637921.01728075
0.4082833913045351,-2.8801364488005285,4.00459188580014,355800,805644.4120524182
0.4103761576686835,-2.8809646745710467,4.10710802536258,353400,1362639.5106832315
0.41102638253935925,-2.879678120626799,4.032516213388021,355200,25713.21972182813
0.409625041447305,-2.881431586925176,4.122657455243635,352800,1716710.8683996014
0.40901056657040186,-2.8794794192485162,4.199836282276262,1433100,2830790.9255289813
0.4095296616483222,-2.879169705577425,4.19024508815456,1433400,2732465.1480686422
0.41265238860072184,-2.8796361607381833,4.06479392477444,354600,659951.5309010986
0.40805374559721996,-2.878780477591411,4.134655059773763,1436700,1872437.7514088233
0.4106741483572434,-2.880888979280323,4.108196230130302,353400,1377561.1991250913
0.41001197000029177,-2.881742844079475,4.1506169846656125,352500,2027947.8385044832
0.4111262918227558,-2.880352015816204,4.081485015034868,354000,1023519.0946445726
0.4099731468293879,-2.8806033030356013,4.074324550282377,354000,867697.4161659905
0.4114759865233865,-2.8796264997086713,4.038691968495558,355200,97465.80391981296
0.4096260634925673,-2.8780621839364797,4.118801800147725,1437000,1718087.664340977
0.4079775919611155,-2.8808604406668827,4.049551853054675,354300,309122.95874221507
0.4095354237481007,-2.8807138707013777,4.072642616111597,354000,850472.1651190752
0.4104845718820475,-2.8808752602203964,4.103383996749491,353400,1334677.793282113
0.41060086948190905,-2.881898324398989,4.1720790735649,352200,2375071.8074789755
0.4106751635611274,-2.8813883068217963,4.140967885808754,352800,1898815.5497834769
0.41086990200435536,-2.8805600361374255,4.090222402590389,353700,1086332.3201044295
0.4102386443482603,-2.8798484754944345,4.027333116205282,355200,86186.13643986233
0.4103084076665251,-2.879906367858029,4.032959677090725,355200,52861.96859238649
0.4122302800067041,-2.8810964880673877,4.153139833925381,352800,2110673.591286583
0.4114530696230779,-2.880097777138699,4.071015049845829,354300,740223.9619016396
0.4101866646013145,-2.8799773443385317,4.035346831095351,355200,77037.1972515799
0.4090649678329926,-2.880579868073201,4.053375549026272,354600,439827.50164871634
0.4093209693369083,-2.8786949460052216,4.155028813342402,1435200,2283081.7793909954
0.4110017111612383,-2.8809117163855156,4.116416429487165,353400,1511317.332943923
0.4098801415248838,-2.878887462894562,4.178974330817691,1434000,2529450.65542927
0.41050690631831155,-2.8808271679677526,4.100640001936428,353400,1271065.4176799513
0.41062012432377504,-2.878115214212528,4.143118563490282,1435800,2033339.7159039376
0.40880849159701993,-2.880480992854278,4.040902838633598,354600,192763.64742494712
0.4101212545732017,-2.8808656510806885,4.095223001769766,353700,1226207.8443514255
0.40905878624251923,-2.8807179834125956,4.06281035840659,354300,539344.3486486262
0.4095840243935629,-2.8805166046855186,4.060080849249201,354300,545816.0450927101
0.4100457330036639,-2.8802674212229564,4.0526584115687765,354600,442424.3538557499
0.4084238288887087,-2.8801934797490705,4.011872569448862,355500,594652.8705316382
0.4100706435827724,-2.879879801152495,4.025876171880687,355200,139043.01274774777
0.4103896239679405,-2.879198220973379,3.9833678022962613,357000,1664890.1563111502
0.4116591537402959,-2.8793465606562827,4.022848526834293,355800,261700.2110704846
0.40920727596311113,-2.8803011892118655,4.036855298529794,354900,157888.33845699317
0.40927019445239415,-2.881803137640103,4.139748869056166,352500,1942422.6858789008
0.40862961557537536,-2.8806807278124484,4.051050554362824,354600,424549.3813888127
0.4098645460400943,-2.87912526495853,4.194031445489612,1433100,2745916.0970019186
0.4111527930873272,-2.877308470411036,4.099358802891594,1437900,1415963.382966495
0.4087814504915887,-2.8792848874205137,4.18278482689095,1434000,2635821.6963995397
0.4110090312158408,-2.8809119523101736,4.11658109373624,353400,1503609.9945342066
0.40997943282004967,-2.8796221428971807,4.0052565443223,356100,761635.1245857901
0.41015981525535783,-2.8789191715393514,4.186623327032912,1433400,2652026.4469304387
0.4095894112297684,-2.880959038708153,4.090452719801096,353700,1111670.7018187651
0.41058111652226137,-2.879917843528143,4.039758722896325,354900,167768.4080597254
0.4109178348843906,-2.8795429946700857,4.0204883190476055,355500,353733.15909550904
0.41075928935357786,-2.8819518490338645,4.178535345291224,351900,2461670.9570388
0.41063379360716445,-2.878096752902718,4.142166316039649,1435800,2054818.901444627
0.4091307601520075,-2.877959401799906,4.101218201296851,1438200,1411421.3360735555
0.4114490080940777,-2.879555954015984,4.03314086521477,355200,31535.49408710029
0.4085690549622579,-2.880695192251013,4.050756985228367,354300,472461.1967169072
0.41019106953862994,-2.8780718654765516,4.131298632970195,1436400,1899310.2225084645
0.4070304849142216,-2.8789623790085175,4.125660685811544,1437300,1783749.8765632533
0.4095520218384231,-2.879123597662246,4.187705756310983,1433400,2662041.8038010793
0.4091797466350603,-2.8811775166284335,4.096654726275563,353400,1273772.4982916194
0.4114686507516887,-2.878717874606623,4.199680889685364,1432500,2832889.271525309
0.4091173767464032,-2.879910961598857,4.0068856622590125,355800,698584.1058186103
0.40997294158270264,-2.8801883531886485,4.045573405183637,354900,335619.1424656917
0.4104125933019826,-2.879874152126892,4.032955418944047,355200,15660.409642262946
0.41018873953023316,-2.87994356359758,4.032979183463529,355200,62153.62995481494
0.4109333060247691,-2.8819629522871866,4.182602107794691,351900,2450013.485293871
0.4110843804524707,-2.8806682930044993,4.101939299103665,353700,1409035.1331037646
0.4088816128136015,-2.8801155974435595,4.0164392826107775,355500,405508.654096731
0.40955502884727063,-2.8796073945743186,3.9945774207197617,356400,1060555.5100586654
0.40987068584643105,-2.8792887281940285,3.978176531311724,357300,2010772.940851723
0.4110569600743505,-2.881320626648193,4.144218004276748,352800,1891933.8588566394
0.4095204522104491,-2.88134267099073,4.114662364747508,353100,1510841.3796576553
0.40882862338635273,-2.880707587278489,4.0571630862238255,354300,462119.3343182945
0.40742023858564813,-2.879239655953046,4.152331475744489,1435800,2195823.150537284
0.41075490777427104,-2.8807872745940317,4.103091048913873,353400,1416174.2430863804
0.40920136526753587,-2.8789559890824323,4.169791381256612,1434600,2403843.6420137472
0.40929837320545237,-2.879705496691525,3.9959987619650277,356100,1068903.3377925449
0.4100567088716184,-2.880423863337944,4.063755567439125,354300,666572.9073794787
0.41017091984366727,-2.8798183750293784,4.023671168240083,355500,208292.0404274942
0.40906420604171695,-2.8800821646893793,4.018091466315095,355500,301854.0992441254
0.40989423427272903,-2.8795857186775633,4.000651635735409,356100,890433.4256463929
0.410364151169421,-2.8795586660552375,4.0092660852418955,355800,616891.1386845898
0.40877148797439194,-2.8793767431363997,4.188521928705517,1433700,2699950.1706385203
0.40980634572077823,-2.8806705224484666,4.0753964942259895,354000,842838.8936271956
0.4107491191443088,-2.879861031155666,4.039418728227187,355200,158360.01653482628
0.40931934683696175,-2.8814393216311505,4.116951765355254,353100,1511775.7026936738
0.4094141535656205,-2.8798663933135047,4.010306491194976,355800,588141.0104594623
0.409124646791117,-2.8797373548198903,3.994394839738546,356400,1098136.6184768279
0.4113937064402344,-2.88081211458959,4.117837517141361,353400,1572929.9586139342
0.4104091053921612,-2.88036083564148,4.066912611406614,354300,683565.2300044713
0.41014786846460494,-2.8784280450918005,4.154246136881076,1435200,2225683.2807641155
0.410324606573669,-2.8825028397583323,4.204418762271322,351300,2718177.7571735047
0.41044518921694234,-2.879605903492478,4.01448198397325,355800,505279.0557049782
0.40966862982035235,-2.879735204707033,4.006491258553282,355800,650471.7364128532
0.41091457712148993,-2.8810328094503075,4.122614010678817,353100,1627310.007832463
0.40860334397247994,-2.880146362461753,4.012467164284532,355500,502886.7450354042
0.41041211611489603,-2.880967124505377,4.108010164054168,353400,1357137.6126636402
0.4101696136681178,-2.8809578114072107,4.102399448577503,353400,1362166.8296976194
0.40921108168459874,-2.880579325231681,4.056456638932248,354300,467081.9128847027
0.4119648714475972,-2.8808018571241143,4.128763811135279,353100,1734487.2314349217
0.4098651195754697,-2.8793990797990894,3.9862579532933724,356700,1507975.8958681657
0.41086232966388897,-2.8799071057924603,4.045093922470619,354900,300944.80202851386
0.410380544150793,-2.8784647642513135,4.1614145392251665,1434600,2346141.4548041187
0.411935346827637,-2.879608646188141,4.0474547389634505,354900,303541.81312328007
0.4101208870672941,-2.8782049386759154,4.138802289960354,1436100,1960342.1183550814
0.409022046368419,-2.879686433728588,3.9883194521131147,356400,1421875.9768206405
0.41017758104404456,-2.8781104976511744,4.133629100710586,1436100,1971173.8796704179
0.41012609592310234,-2.8799505577657705,4.032099729271668,355200,11277.704729124276
0.40964542235579116,-2.8800788639368884,4.030678486138497,355200,29964.564674068984
0.40967258017784314,-2.8815001895544645,4.1281103913333554,352800,1683052.1398840856
0.410921923010132,-2.8782395589847627,4.157596855441594,1434900,2249125.6534064217
0.41058268113521834,-2.8815032630743795,4.146546645671375,352500,2056804.6753926522
0.4106112585753673,-2.8796049544986446,4.018147595941137,355800,338871.52082516643
0.4106091300167319,-2.8808421458519526,4.103743389613318,353400,1321531.3140606722
0.4091688390745976,-2.881529673366403,4.1198534506838405,352800,1542699.7777631069
0.4084997550265212,-2.8794564099343796,4.188265646839356,1433700,2682736.480794396
0.41037296245802934,-2.880202577113205,4.055180713409218,354600,480058.28983813524
0.4111482804189157,-2.878950618690415,3.9824455664418306,357300,1659634.271579618
0.41066370430380383,-2.88160661972271,4.154785694967037,352500,2084787.112879082
0.4098877336628389,-2.87958968842039,4.000794297839144,356100,871296.5339914362
0.4083671097040728,-2.878533460117001,4.124469039193083,1437000,1824995.4563548928
0.4127644257902831,-2.878597141229465,3.993284778528529,356700,1202335.2695237799
0.4093217620836397,-2.8801966874566203,4.031984627778636,355200,17306.595813138443
0.41008693190259693,-2.8793865125396865,3.9904207872231856,356700,1388718.391920186
0.4099577712104921,-2.8800582497953933,4.036083147543702,354900,64397.68727983736
0.40908988030742266,-2.878402407009192,4.130680741486446,1436700,1928124.4415115956
0.40903372173129027,-2.881055502241245,4.085381646941551,353700,1025194.6191039362
0.4101147497227861,-2.882347567814477,4.19082040679869,351600,2584020.574115013
0.4093772275829121,-2.8802483597202877,4.036827583230572,354900,53915.64294205502
0.41052355405473934,-2.879892028548686,4.036668471122434,355200,44686.736770228905
0.4091347871557272,-2.8797779044169665,3.997572629873138,356100,1023196.9676703126
0.4094877927140907,-2.8796723680471357,3.9978310509350927,356100,1048038.0682238886
0.40974187036471743,-2.880119527635935,4.035694344559141,354900,57757.72693821289
0.40996033352158806,-2.880855978517742,4.091221027677351,353700,1184545.8033752865
0.4095845831049991,-2.8799431962503874,4.019634559181386,355500,402852.1264860551
0.41128975458463485,-2.8800589934734773,4.064880247922349,354600,682158.0689914732
0.4086143840215824,-2.882246323792056,4.155258044506246,352200,2113214.7142153243
0.41225939610125,-2.879610458219041,4.054570475621395,354900,447627.015284351
0.40835264544269406,-2.8794567316563864,4.185377484508976,1434000,2592174.96546585
0.4101799125288177,-2.8800930869928516,4.043353303548311,354900,218695.73748036387
0.41033547366074213,-2.8803262207487674,4.062966513685321,354300,639783.3891449522
0.41100410739337795,-2.8800132245015893,4.055581979363389,354600,452530.78795236576
0.41010716973455413,-2.8784552864530277,4.155217107189255,1435200,2248297.3612056114
0.41056373118488937,-2.878551928901524,4.1708542673082905,1434300,2381037.582672947
0.4098863127435459,-2.8793803170878913,3.985374893387691,356700,1520617.3528290123
0.4097204085640185,-2.881497355716351,4.128889849537757,352800,1753669.9261501292
0.4121642612137468,-2.8799736946076258,4.077578797129795,354300,866497.1305296412
0.41008496777933334,-2.8818362015668364,4.158036763983076,352200,2092141.1663360633
0.4102023014583434,-2.880654203840738,4.082623833904659,354000,985409.1207166942
0.4087528258857816,-2.878637738191833,4.139536442225539,1436100,2042152.763937143
0.4098094233378963,-2.878889520061622,4.177695727416822,1434000,2568628.0385513008
0.4113233809370086,-2.8792374031800456,4.007446510331494,356100,625203.3608244043
0.40901716428489304,-2.8794566382788642,4.198518942027571,1433100,2758561.8423129274
0.4077757933091284,-2.8799218572599026,3.9772716792424836,357000,2183947.9244425306
0.4116987453425944,-2.8822977932990748,4.217861673362418,351300,2995833.918316485
0.4091680031848283,-2.8802142959260912,4.029848600805407,355200,55688.13666865557
0.40918234849865726,-2.8792845074143893,4.190740584975224,1433400,2657941.8637588946
0.41009129299988273,-2.8795904428508985,4.0054580281781975,356100,811796.9845650019
0.41046377865692424,-2.881797989089177,4.16305352033577,352200,2268459.7309172233
0.4090799092143776,-2.879998845888342,4.012446664474555,355500,543324.8635308472
0.4098552171926844,-2.8802812273049483,4.049520151152679,354600,395750.3908651433
0.4098557205144871,-2.8781620203021445,4.130398081919099,1436400,1862047.9340721676
0.40795296750004567,-2.8794964865106203,4.179961986682374,1434300,2615908.1468265336
0.41067367261886994,-2.878150801848698,4.146602772496218,1435500,2170068.0390348556
0.40872807194058985,-2.8782224767202194,4.110815349039264,1437600,1623614.942596804
0.4092389139568034,-2.8801718566238637,4.028368696027178,355200,87990.8977357103
0.4108746456831429,-2.879517792278392,4.01771086004146,355800,371096.8590840209
0.4093123193237731,-2.8810535865140374,4.091072569974136,353700,1147573.7033678854
0.4101349818306724,-2.880764435563259,4.0886837161941365,353700,1143489.6867311145
0.4121003368789369,-2.8812956326973502,4.163281710046568,352500,2195275.9583527334
0.4111276340126776,-2.88053707158472,4.0940353019532045,353700,1238581.2637486598
0.409320682613973,-2.8788167869567864,4.163070227666548,1434900,2354876.689743491
0.41042219526166673,-2.8807288662509425,4.092266497639738,353700,1157724.7283230382
0.4079313923949463,-2.8797150459901486,4.19363924974102,1433400,2727374.973186665
0.410541524926153,-2.8808100290490417,4.100206760405827,353700,1268403.7717164054
0.41057021288048184,-2.8796462309939765,4.020171089262713,355500,303412.02159024426
0.4100821602064717,-2.8817124909714082,4.150059882330833,352500,2029811.8724447305
0.40896650210609325,-2.877403906747596,4.058443114128675,1440300,629779.1611961469
0.41176441946873965,-2.8791457952360364,4.0106988174006135,356100,560562.7515803904
0.41183649683280094,-2.8792231512646858,4.0178893956519595,355800,360276.4905290288
0.4092764024840757,-2.878147911573135,4.117286855831486,1437300,1727798.8134850631
0.4104423369089572,-2.8791155897901697,3.978428864839538,357300,2004653.4514830473
0.41011978358195994,-2.881272088528734,4.12220527766767,353100,1688576.3485507625
0.41240164036389115,-2.8786530098880463,3.9890758290573998,357000,1301563.3095639094
0.40988959267762864,-2.8802970170846374,4.051360302389169,354600,428376.18035956135
0.41033409339263,-2.8797984061227533,4.025862059191366,355500,96863.94784892729
0.409294545884183,-2.8795411882119093,3.983769716486639,356700,1632488.314321256
0.4086568945752516,-2.880529387226734,4.041009478302719,354600,220060.05917835384
0.41282773083359325,-2.87934186487315,4.048110955454977,355200,420551.96627600584
0.40925451378131206,-2.878610283494822,4.148037532028686,1435800,2165298.5775738643
0.41152424963142525,-2.8806927267878724,4.112611993507289,353400,1452554.0374647453
0.4117376283243732,-2.8809994051761287,4.1370526028879215,352800,1861243.9917991674
0.4086891348039348,-2.8791458189885475,4.171881586323457,1434600,2425281.344763871
0.4081558460756102,-2.88121306565762,4.077696485061123,353700,921159.7826136759
0.4084136031578686,-2.8788587046657477,4.147328191164236,1435800,2124794.636662566
0.4091856233838476,-2.879356884448269,4.19545086746567,1433100,2780378.492270113
0.40853187405051444,-2.8809364204047,4.066670510484658,354000,724789.6553824733
0.4104540194112342,-2.879635067094975,4.016808773941396,355800,350825.2421724675
0.4095233322192831,-2.880153461818338,4.033338554839131,355200,14218.937745118434
0.4096958450209458,-2.8808078181928725,4.0824510470077495,353700,994971.1282998329
0.40963211256890747,-2.8811932241764304,4.107040117887589,353400,1360152.532904175
0.41024952778520984,-2.879844540559878,4.0272935190817565,355200,124012.08427691853
0.41154305082762116,-2.8812448568445177,4.149016485057337,352800,2046819.234663646
0.4096198333962468,-2.8800600204754514,4.028768380532567,355200,69750.99313732318
0.4099020654427555,-2.880285532886169,4.0508284209626275,354600,399909.0447288755
0.41037446525692167,-2.8792641049209777,3.9879066018347524,356700,1424723.017676163
0.4090262818292659,-2.8801836008541404,4.024521025133395,355200,191656.9931270334
0.41144096968516647,-2.8811703148283265,4.142178460612556,352800,1912606.6935030795
0.4105681650533443,-2.8797347769093538,4.026474885250572,355500,113240.1875312805
0.41024178859490174,-2.8793446624837755,3.9908600346447187,356700,1288266.9401182765
0.40900352577994287,-2.880226257748759,4.02707045543817,355200,74042.8628815622
0.40905521209028023,-2.87971379773546,3.991046162069603,356400,1273718.3920981132
0.4105200313538331,-2.878990957786806,4.198387884900943,1432800,2800518.608724808
0.41097153908905876,-2.8803424161996607,4.077585520254194,354000,893572.5838858221
0.4089427984174238,-2.8801946708214747,4.023474225204468,355200,206809.0154511701
0.40889049047239123,-2.8795155036516817,4.19981074187042,1433100,2864302.95205101
0.4114476637481846,-2.8814148608293206,4.158017125477305,352500,2176574.6629774068
0.40797318909126906,-2.8803170431123717,4.010766380871441,355500,517831.6518563597
0.4099287882296582,-2.8802362598987945,4.047976346545818,354600,333337.0288404627
0.4073495010839314,-2.8809859878173354,4.044812027269495,354300,263304.10280366277
0.4078930039147925,-2.879347266809715,4.169022328136508,1434900,2479150.456187158
0.40783094262005665,-2.8799874968224577,3.983394885390834,356700,1672776.2315638168
0.4103595871226177,-2.880932347119969,4.104614330121523,353400,1398831.4979289295
0.41166892622431084,-2.8793164231631447,4.020878924522478,355800,306806.43081870006
0.4113484930954807,-2.8808996184828173,4.122678550733752,353100,1635865.6398615418
0.4096576831263318,-2.881672060054753,4.139001755058927,352500,1944741.0642706829
0.4119343482730411,-2.881112050180414,4.148261700313765,352800,2004716.1153042694
0.4106892394365199,-2.878979604157556,4.200986794673938,1432500,2918116.381284476
0.4092416453228426,-2.880167326042788,4.028104037461453,355200,90564.5662633386
0.40986625199350235,-2.8798629530497153,4.020111548538853,355500,291926.9402732545
0.4080442637449419,-2.8819628471922667,4.1255431126585185,352800,1700140.0707268557
0.4090129598028804,-2.8796048708859687,3.98205075279915,357000,1759515.605889669
0.4091218671137202,-2.879216150850939,4.185132018027565,1433700,2592022.6598027563
0.40962023847797147,-2.8804571056795387,4.056752337176533,354300,469376.3669366358
0.41110425679451373,-2.8812870639487342,4.142995202867722,352800,1914417.529848478
0.4084737778733053,-2.8787071280282346,4.138421975389914,1436400,1990644.7171293357
0.41078162897753806,-2.880972449236841,4.115938334936175,353400,1496974.4178909345
0.41096278102883443,-2.879895764472465,4.04647589300244,354900,299329.2570502369
0.4105127857538468,-2.8804989213603336,4.078575818177464,354000,952499.4400612582
0.41133846900282695,-2.881177305978571,4.1405812213424396,352800,1907926.3136597942
0.4086147146439518,-2.879014571097503,4.161760104483866,1435200,2280127.4640969085
0.4094070025235253,-2.881458859247064,4.120026365865939,353100,1552465.239011534
0.4083988394678761,-2.8794323821559695,4.184697918165923,1434000,2689237.6454596026
0.4100880184366441,-2.881085089348649,4.1092032451586835,353400,1352076.643381325
0.4101102136803617,-2.8804308368408633,4.0653755885987,354300,679924.9048205122
0.4104290603408173,-2.881114029686466,4.118087911253227,353100,1585985.8139656244
0.4114624772468693,-2.880505630624843,4.098871888497505,353700,1323121.550632869
0.4114161337539812,-2.87977707268281,4.0479818431665775,354900,368718.6378074167
0.40841796491718124,-2.879424351683447,4.184577981707017,1434000,2669026.430778603
0.4093517486267494,-2.8800951891472737,4.025379797787785,355200,189665.014695658
0.4121150676456816,-2.879072933336695,4.013286972935822,356100,508461.7995024773
0.4100691945528836,-2.8788183941133143,4.178277184884783,1434000,2567125.532943527
0.4084821573911825,-2.880006912124702,3.999638836555113,356100,894468.9663561297
0.4094652027519874,-2.8785551476477287,4.1486970449461715,1435500,2124053.1047566915
0.4089148838267232,-2.87931884335632,4.187668267720653,1433700,2699326.4982589893
0.4099040301030116,-2.8794520638312795,3.9910996178812916,356400,1252119.1612938181
0.40894930902797233,-2.880195325896784,4.023663723422413,355200,263283.5143548627
0.4092065712560489,-2.880481820873349,4.049547991371282,354600,435952.0140253005
0.4092841166192001,-2.8819600202483215,4.150143054729199,352200,2162492.109138787
0.4095547264157121,-2.8825045447821314,4.189832380120123,351600,2624614.435477181
0.4097522102819727,-2.8793260007479975,3.978232574353258,357300,2060083.605696524
0.4099660322213769,-2.879608516578167,4.0039444601278165,356100,768352.2304160623
0.409496997027229,-2.8800476923647995,4.025194482488501,355200,169105.49346134037
0.40827675245804923,-2.880600076498215,4.037746710666793,354900,105798.46579261453
0.4110774265463432,-2.8798112063306207,4.043044210812745,354900,258784.8880863652
0.4094964833550239,-2.8816854178854094,4.136642253001952,352500,1826508.1319126897
0.4100438910576999,-2.8803760903169993,4.060194537953828,354300,577092.131806016
0.410206610840472,-2.8812484724143013,4.122414818464168,353100,1575992.0851204637
0.4079772001657681,-2.8792201606072174,4.162376805209313,1435200,2281949.220392084
0.411675475979181,-2.8797883330962804,4.054383125459195,354900,434952.4522793821
0.41100422263063513,-2.8810928781429523,4.12836661105512,353100,1765257.9975519031
0.41012848208608516,-2.8800926079795874,4.042197260750248,354900,286862.9652741278
0.40998412237863135,-2.879386021931832,3.9880068976311964,356700,1460900.1530450694
0.4098384606628625,-2.8799243893433535,4.023935304647745,355500,202435.17423868872
0.40862249630419323,-2.880318688975177,4.025283445503118,355200,291032.09590662224
0.4101730661858475,-2.8786322433829907,4.168218711177467,1434300,2421964.1281595686
0.408134627495659,-2.879455843578437,4.180940756145622,1434000,2629920.9087811094
0.40980928480860906,-2.8804847634629023,4.062685245776667,354300,634513.3544052725
0.40813101364620236,-2.880155467717072,4.002553415977183,355800,864220.6176882074
0.4088825058860772,-2.87905240800463,4.169676833895878,1434600,2403117.876467571
0.41043847580506054,-2.8794806726259368,4.005252778931038,356100,773233.829145967
0.4103546315848316,-2.880570540422221,4.080124672949366,354000,970772.4572283961
0.4093095849901473,-2.8802517364914593,4.035593390934531,354900,57299.97370821991
0.4107313073624437,-2.8800037576685025,4.049044476599062,354900,402862.6336515593
0.41034622533148724,-2.881067321461049,4.113318437415083,353100,1499778.2137731146
0.4092955879685415,-2.881602941596631,4.12722323482523,352800,1730019.134443536
0.41210126406151054,-2.878157625847373,4.176139175526075,1433700,2582140.7771592317
0.4086009456792198,-2.879912726870182,3.9953881067434027,356100,1087501.8328297967
0.4099222340508742,-2.8776166670221186,4.094374841699926,1438200,1351216.1019436307
0.409586800337263,-2.88066172827714,4.070164317993362,354000,811634.7103365228
0.41104149072203094,-2.879298484100223,4.005548086627769,356100,699542.3513012588
0.4100550156434739,-2.8796772488682625,4.010920236275277,355800,629598.7276818078
0.41041567973499943,-2.88002637365654,4.043777247654221,354900,200704.05282363135
0.4097014252831256,-2.8798018556588296,4.012060290963657,355800,526809.5099102693
0.4103599242507261,-2.88049650725833,4.075195893399001,354000,881347.8366473457
0.41019930857012565,-2.8800166417187962,4.038401458360109,354900,140338.62585212133
0.41039473148769506,-2.8807861214499892,4.095550785559398,353700,1304381.3527372065
0.40926889813364314,-2.8812468245910376,4.103139181388749,353400,1299332.1456593424
0.4093043070027735,-2.8804368144557113,4.048507007477604,354600,373644.46272164583
0.41054945833325024,-2.8803975938816277,4.072429646365226,354300,791524.7951400233
0.41053646319438075,-2.880433035591711,4.074594682754971,354000,862211.3529977244
0.41088169981585926,-2.878803666319242,4.193528841411604,1433100,2733706.451818347
0.41003304228486775,-2.880924139038302,4.09733328141704,353700,1216080.788413664
0.4111382382468899,-2.8792306701841657,4.002830974754611,356100,890834.8315475909
0.4111486496208384,-2.879996425427951,4.057515551515915,354600,592443.1041634448
0.4114126232874412,-2.879814265281926,4.050508940053878,354900,414290.2893349259
0.40943424603676576,-2.8794920059301297,3.983335420834509,357000,1613546.5862716285
0.4079194774197608,-2.8804715503422464,4.0207151429341,355200,230113.36097141617
0.41005526990826674,-2.8805395303963377,4.071709980858758,354000,810557.0266820847
0.40864503503267,-2.8801862701380214,4.016284334657002,355500,423896.9138870389
0.4106756036181782,-2.8802185342931477,4.06280175980259,354600,609756.6093141296
0.4111375682253045,-2.879553336471864,4.026066650638369,355500,157939.22227679184
0.4089982369981951,-2.8800467265191387,4.014064390920941,355500,560693.6268462335
0.4105075295713999,-2.880616012943729,4.08643670316207,354000,1099402.6225970872
0.4111534766339266,-2.8776777363831583,4.124736414793208,1436400,1821827.55771823
0.41020815356862544,-2.8788037236308885,4.180109139887995,1433700,2545666.630732483
0.4099619701145409,-2.880029339009892,4.034114628554324,355200,34793.70433261411
0.4106474392220128,-2.8808688671995806,4.106309438913232,353400,1437626.9515335667
0.4096111812073716,-2.879949606750914,4.0206907725477254,355500,305019.7987092327
0.4117930902370042,-2.8798935410528004,4.064190612765708,354600,654074.159331968
0.4116100554732349,-2.8775291533961074,4.124235623203928,1436400,1859726.3218241013
0.4098900036179697,-2.87881614703855,4.1745218739786845,1434300,2463597.1110141706
0.4095578336640244,-2.879937623379965,4.018637322279304,355500,291251.22820198094
0.408825618561836,-2.8800401226100867,4.009771921117165,355800,631730.8684252659
0.40834043635700307,-2.8786559085206775,4.132206786760805,1436700,1910191.5442779185
0.4098240194508405,-2.876786471833866,4.032764315492082,1441800,150483.90265968515
0.41144711178608134,-2.879238399616271,4.010309807139076,356100,608465.4601230909
0.4108415685823891,-2.879382131819348,4.007145284119652,356100,668191.6155841062
0.4085694057452687,-2.879656542613793,4.202457788091944,1432800,2893880.94135763
0.40904963847477277,-2.879224273064865,4.184205578802306,1433700,2631589.290610917
0.41001412477611004,-2.879759365848461,4.015978837062236,355500,444744.4873196536
0.41087039148230625,-2.8812061056588965,4.133058628133533,352800,1798948.511359335
0.4096890902888755,-2.8812565553286875,4.112409597213918,353100,1506187.9108440438
0.4105369974491165,-2.8799064380789567,4.03799390069846,355200,88862.00675772871
0.40888036068093636,-2.8792038823614727,4.179506544197039,1434000,2604401.126512478
0.41207023926810893,-2.8782313150093,4.180307646570938,1433400,2633089.291724132
0.40768010105293984,-2.8787796824119303,4.126826653775621,1437000,1773389.4835607032
0.4111412510620564,-2.8806406349285147,4.101263362491812,353700,1296035.493790024
0.4103485207897582,-2.8799884596063525,4.039660447268739,354900,211298.6184823697
0.4113895561635788,-2.8799814209671872,4.0616368647859575,354600,677251.9613431562
0.4087044249955371,-2.8799136483637753,3.997790628302077,356100,1045648.2719497902
0.4102569623779148,-2.8781552182201486,4.1382864332914515,1436100,2035884.36502029
0.40960509736366596,-2.881349106649453,4.11681383774402,353100,1527534.5083542916
0.41164711631267753,-2.879448001497991,4.0297922199163345,355500,74839.30477766503
0.4102003575359935,-2.8798037693635505,4.023272172940306,355500,190799.7100232193
0.40868428155514014,-2.8807044138615905,4.053856128558184,354300,433613.2108585541
0.4102215874375408,-2.8784374281230427,4.156371206381086,1434900,2267509.4705487806
0.4097970042987246,-2.878350443993018,4.141860078457978,1435800,2066647.5371957957
0.4122020771285334,-2.8804429220506975,4.109958392641944,353700,1449610.765173722
0.409744258525435,-2.880324238061839,4.05012858102805,354600,369850.59966285905
0.4095785762439977,-2.8804932606682505,4.058354535284251,354300,511227.2975709005
0.4089881589877143,-2.8796359280968318,3.983764227815013,356700,1695407.3816246144
0.4113958501638949,-2.8787073347948593,4.197534064787921,1432800,2868700.4001377868
0.40972704986570446,-2.878740044473789,4.166265373591476,1434600,2384317.8998591034
0.40999213358763187,-2.8795508398094327,4.000320671250566,356100,829242.7256645022
0.40966121322758314,-2.8793814220607543,3.9802848390215537,357000,1866486.9919952569
0.4088322183823948,-2.8792258835239104,4.179976097865449,1434000,2603060.5057256026
0.41141685586023197,-2.8783142649937306,4.172552179162827,1434000,2418331.3681452777
0.41090598522694394,-2.878933949543252,3.9756155341864643,357900,2383259.0022348547
0.40948755578060536,-2.8802791985682745,4.041416184347914,354900,222892.9480273403
0.41051349073359406,-2.8801354101921146,4.053530269486598,354600,465084.4231320249
0.40954488073648987,-2.8800366060652944,4.025457854467913,355200,209170.8923527526
0.4099118062422771,-2.8821946081935965,4.177345116517304,351900,2474505.0437877323
0.40843250079370735,-2.880405619212173,4.027340016171714,355200,111294.28480157131
0.4080598698395639,-2.8793378224409847,4.171772373129178,1434600,2481410.762088063
0.4104047920710223,-2.8813931551563856,4.135867289059998,352800,1857452.7694922984
0.4116094266806458,-2.879342912178723,4.021468762435929,355800,280934.786557714
0.4085031216560073,-2.8809419396631064,4.066441013386475,354000,641815.4326361524
0.4099171991339415,-2.880241566769661,4.048096035932407,354600,210925.64891422878
0.4091104677947007,-2.8786084404187515,4.144956065663678,1435800,2078202.3442763735
0.41161699934728685,-2.8807458765507103,4.118021952577543,353400,1585799.598429262
0.4087918865752497,-2.8825951087976036,4.180802329727276,351600,2521880.724219989
0.41337760753726255,-2.8802079730901813,4.118504207784177,353700,1610723.3774311887
0.41038454746191627,-2.878830675456104,4.18538480590685,1433400,2661838.7582617495
0.40984861703360476,-2.879860085627541,4.0195135351124565,355500,339417.15465520264
0.40924539091553863,-2.8802899767065044,4.036893429133107,354900,66241.13402584984
0.4095763574718176,-2.879321661601525,4.200912257431276,1432800,2819859.6188420444
0.4115960197181164,-2.8785115627330216,4.1889512342950965,1433100,2667658.497254247
0.41094353627467817,-2.880305921500823,4.074488975120533,354300,872173.0901391612
0.4099172414947167,-2.8800750981089087,4.036383074130876,354900,54020.150817332484
0.4096400869003773,-2.8793976151180076,3.9809876110814626,357000,1848838.5665193105
0.4105922977285909,-2.8802944545331357,4.066240917951268,354300,693780.74840308
0.4112625714570577,-2.880060379851015,4.064393693355284,354600,674579.5181062511
0.410139963895567,-2.8787611980223518,4.175981989406024,1434000,2593953.903941816
0.4098848642911899,-2.879420488527384,3.9882989450160236,356700,1409637.6092427182
0.4099014187468257,-2.8793534039353115,3.9837276180713164,357000,1642905.537259273
0.4090891531189988,-2.8792199488260715,4.184749082740787,1433700,2662732.652562175
0.40849955308311825,-2.8803573576425214,4.025343560276779,355200,214884.0397984425
0.4112244900747425,-2.878897919123407,3.9802195426419864,357300,1794081.6434973916
0.41074319132023046,-2.879551039988148,4.017177664789456,355800,367319.2188101164
0.4093837323838254,-2.880930113554454,4.084201224092901,353700,1019719.0506710145
0.41143195200475574,-2.8811107446733426,4.138141965819891,352800,1856946.6149345837
0.4107146963851555,-2.8801714010186,4.060356064696216,354600,574725.5974956943
0.4102530775829476,-2.880584220052576,4.078920122921547,354000,907624.5360562182
0.41067014277004815,-2.8792608693405866,3.994420488391772,356400,1065417.8189995736
0.40897829244391803,-2.881818698075791,4.134917965216863,352500,1825447.2843758655
0.40957511854413675,-2.880854248877814,4.083067191353821,353700,981476.2486234417
0.4090383541541688,-2.880097832377428,4.018651863432158,355500,333627.8805091025
0.41086748529477285,-2.8791919533168353,3.993870945064012,356400,1155554.1892620202
0.4111854152037201,-2.878342462476937,4.169711631322989,1434300,2415367.9277914055
0.4119971727088517,-2.8802739129061536,4.094424998318097,354000,1243449.842062846
0.40903835459420596,-2.880409516377623,4.040855799892489,354900,244171.23899759777
0.40941854411655804,-2.879816221473194,4.00675611761527,355800,693148.3633506757
0.4090982611791034,-2.879689514181322,3.9902397130207725,356400,1275472.3716843808
0.40989298180870115,-2.880769974289781,4.0840108289145745,353700,1065893.6120963127
0.4119365298395233,-2.8813332922329145,4.162453509966924,352500,2233954.9638006464
0.4102119975212955,-2.878439271688123,4.156295961020831,1434900,2261260.8055221583
0.4095445639947473,-2.880383713394765,4.049977439415717,354600,384238.52702968445
0.4090219951385674,-2.8811396468752952,4.090846455761526,353700,1112889.0663892447
0.4098708283321163,-2.88203503231117,4.166471513856492,352200,2208474.296327317
0.4106190498782825,-2.8794444956830816,4.006689359093208,356100,697318.482902057
0.4081241797321043,-2.879644916567538,4.192943779875113,1433400,2673363.685249739
0.4105845969650506,-2.8809926047091374,4.113241673072383,353400,1524379.3950972958
0.4094758148781817,-2.8807437137311083,4.07342528240981,354000,792794.5551065302
0.4096963511062266,-2.879789716821866,4.011054905389065,355800,578244.4971739409
0.410852443706185,-2.8794233390395063,4.010408579947047,355800,593407.794647794
0.4099696292717589,-2.8805013589368573,4.067249174812776,354300,775060.6520064395
0.40969163061356006,-2.8792130504454003,4.1962366239397495,1433100,2782655.456319092
0.41116772009560615,-2.881748569119381,4.173686021710281,352200,2345273.0981971677
0.4096341559129354,-2.8793407723391464,3.9766633885001097,357300,2205433.0241645947
0.40876765955433625,-2.879409275753646,4.190563080081706,1433400,2678885.361080471
0.4085185181608367,-2.8806232270798815,4.044590006404405,354600,206544.5986396041
0.41062105925608294,-2.8795503547060477,4.014388477765363,355800,516230.9797422941
0.4082986774343645,-2.881111166273053,4.0737599832354725,353700,867599.0884684105
0.41211934171628584,-2.88176883031026,4.193357761437168,351900,2702478.53619882
0.409635435335743,-2.880522680190129,4.06159652926487,354300,591613.4462011666
0.40911672579319547,-2.880146174561319,4.023844573202238,355200,246953.3499716697
0.409289538389243,-2.880755894969362,4.070323820678304,354000,780641.9584233002
0.41173058222390796,-2.882131425063505,4.20829474525571,351600,2822706.6272763363
0.40846603177821705,-2.8794905316692043,4.1897912861441,1433700,2668741.2585866926
0.4104760689711634,-2.879924256724167,4.037929782261116,355200,62008.37385466424
0.4102860447190182,-2.880536453948838,4.076359866138136,354000,942077.8998433608
0.40906629840701286,-2.87856816235629,4.1413484899454645,1436100,1957188.0976932885
0.40878528745787407,-2.8810321870858058,4.078598135559014,353700,847630.479794582
0.40947578830563713,-2.8791301776145484,4.186614798477799,1433700,2644136.4717651363
0.4105238383263423,-2.8807217672852703,4.093902721556759,353700,1208775.3568302651
0.4108041077471985,-2.8790234773879817,3.9798974407455177,357300,1891790.5729620974
0.4089405871416373,-2.880512295681979,4.045936303271731,354600,317257.3157419541
0.41120111765844297,-2.879519152463005,4.025025203840177,355500,253817.32654580314
0.4078614891472728,-2.8783056787412242,4.098111821192265,1438500,1360962.2994893594
0.410155032543514,-2.8794370719592077,3.9956644005334643,356400,1096577.5989864715
0.4095522796931497,-2.8815723117075245,4.1303964623859475,352800,1787921.3243749593
0.40772174180570636,-2.880756699284073,4.036714224175719,354600,115796.36188400297
0.4089511850985219,-2.879995166698544,4.009302740399228,355800,618800.9241593444
0.4098303810952735,-2.881152909486846,4.108427840047705,353400,1381524.2344261163
0.40993640717733376,-2.8803973476118765,4.05936884817706,354300,622421.0129519803
0.40901735511394305,-2.880470404331246,4.04466368698469,354600,266919.3799898011
0.40908477219150813,-2.8807214107157906,4.063604566137361,354300,571550.8964677851
0.4092234760894022,-2.8776514650933747,4.081690057613428,1439100,1096754.5009325705
0.4105208388776507,-2.8804194571482253,4.073331898445337,354300,832627.7367536783
0.4101451066687797,-2.879288791267948,3.9845168861846147,357000,1556991.2094587088
0.4098336094823723,-2.8814641918474484,4.129005870044823,352800,1786178.2386087086
0.4107769420927659,-2.8803313781868836,4.072703272100762,354300,809088.5475381487
0.4111569490172015,-2.8804758904403363,4.090530205222864,354000,1073261.2014148203
0.4088884124587733,-2.880371411396565,4.034865902617483,354900,32860.981168985745
0.4085532333829872,-2.880779884223016,4.056287959055766,354300,464377.08644495276
0.4097694189577015,-2.879433369547773,3.9866086995061476,356700,1452522.846813225
0.4113440098426638,-2.878926661141727,3.985103699929158,357000,1493764.6012425032
0.40859662061486396,-2.8804496195734703,4.034033323170156,354900,25250.086805756026
0.410990481655347,-2.8808514651056485,4.112194632744587,353400,1564142.7735740123
0.4092802603543074,-2.879770470530213,4.000309781901707,356100,881914.1163599229
0.40956572455439927,-2.880973825790792,4.090959516850317,353700,1168441.9839030858
0.41045188215901685,-2.8785097036031484,4.165823441746792,1434600,2374306.601215222
0.4094302089208795,-2.8788765810756582,4.169210448299001,1434600,2441439.81139947
0.4103667407858521,-2.8801357146099806,4.050402777323489,354600,439432.3647481705
0.4099701607154861,-2.8805287437263463,4.069153694777761,354300,827745.9682583517
0.40935718757777073,-2.881950772419298,4.150996480299019,352200,2001663.4897690262
0.41149095957002924,-2.8810179602743173,4.133297570720572,353100,1756289.7618015138
0.4103619026687063,-2.879508910548489,4.005596955479374,356100,698690.1316975874
0.41034313620618235,-2.878219447742646,4.14436968603063,1435500,2096291.54145464
0.40805724313805236,-2.878426841903777,4.110656286507879,1437900,1595573.106421007
0.41022515647509844,-2.880033522860246,4.0401436677622975,354900,204569.64518625767
0.4091856032101439,-2.8805693121082925,4.05522221164372,354300,398414.4179077331
0.41083255044860084,-2.8805596594443434,4.089419997901688,353700,1123760.3900084603
0.40846222008861444,-2.8784937611027503,4.123781298464183,1437000,1805043.1485000746
0.4100038637580029,-2.880071203652788,4.037987095465982,354900,69279.7892750657
0.41061089264891404,-2.881023794205677,4.115844364292766,353100,1508383.5033987425
0.4096933995642227,-2.879641229349462,4.000176785023632,356100,911887.0397873118
0.41079222705859614,-2.8800178302985993,4.051361894991517,354900,384505.3559746749
0.40980263601887945,-2.879533835071303,3.9947794967179173,356400,1086288.4182400699
0.40981625960990703,-2.879280676984926,3.976353509272145,357600,2286531.9676253563
0.40904717775438243,-2.8806843880880484,4.060228461839131,354300,555951.4204790841
0.4090526059116786,-2.8797631815796483,3.9946734396974977,356400,1203844.3032559184
0.4099019744209841,-2.879174291076767,4.197897017344144,1432800,2798400.0285474192
0.40914725988162204,-2.879382671794885,4.196351221008779,1433100,2794731.1077292087
0.4109029273663362,-2.8807625880053207,4.104494996702334,353400,1388554.3059637027
0.4099759628836118,-2.879806822449859,4.01851441554442,355500,363953.3281473345
0.4085817260564429,-2.881505697900714,4.106273933601085,353100,1355011.37587479
0.40807040542371553,-2.8800626326819883,3.9943854405388306,356100,1104849.1765315451
0.40903524703628846,-2.880047349298679,4.014930094957559,355500,466048.4683626122
0.41103984669571725,-2.880284739657938,4.07507631014132,354300,905057.4663894265
0.4113190127823362,-2.8781121632642357,4.157277307940963,1434900,2347130.3549059937
0.410418945977512,-2.8802963634182905,4.062693253577603,354300,605400.8712446931
0.41079366964332437,-2.880354071645739,4.074620258344155,354300,799144.6171343583
0.4098642824094546,-2.8807047208866754,4.0789546550755515,354000,890545.7019786513
0.4112703078195242,-2.881301028265634,4.147204524208595,352800,1991483.8968446115
0.40962275744634313,-2.878739667083688,4.1641190262861185,1434600,2400035.9314710493
0.4104293491028261,-2.879405955007943,3.999636742029563,356400,843157.1436616064
0.40975381907247327,-2.88031133311283,4.0494351414680185,354600,346057.8713723617
0.41029540272955656,-2.8796121219764697,4.01157920155073,355800,583398.3730902021
0.4115698748694457,-2.8822808554518975,4.214395004147053,351300,2937053.4997463925
0.4103031106786905,-2.878075437005207,4.133875415268728,1436100,1984656.6995644511
0.4089702981624363,-2.880445498499572,4.0419141505045095,354600,152866.85117643708
0.409360256068134,-2.8801137868666022,4.026890976125818,355200,167043.54967203166
0.4082064603906138,-2.8807485377255366,4.046652499051718,354600,318569.9439772719
0.41225606703636347,-2.879652115004793,4.057402756828575,354900,507731.52208436665
0.4106796387404585,-2.8799806102310153,4.046291528224451,354900,272545.1878922493
0.4099350245400812,-2.8794803947998977,3.993848877882292,356400,1161045.44560151
0.4096495629705982,-2.878559446137023,4.152759853217068,1435200,2127155.6311726803
0.41046617526388013,-2.8776039377379625,4.105137208429652,1437600,1466348.5797157446
0.41032916958755905,-2.8786408437983235,4.171932931642431,1434300,2450148.890579972
0.4098193676983097,-2.878265369722127,4.1366151163846405,1436100,2025929.2510017268
0.4099974039283035,-2.881533859670097,4.13683632699728,352800,1831997.5866698949
0.40825430767104004,-2.87953978723014,4.188767878220364,1433700,2706461.7267359095
0.40942290519894464,-2.8784986704707376,4.144060466652665,1435800,1997678.0688180658
0.41012197030911945,-2.87928501698243,3.983688624147635,357000,1615660.6969309542
0.4099384383897941,-2.879453870165332,3.9919934594604864,356400,1245991.0399699854
0.41052578805745693,-2.8796473367753848,4.019272851194668,355500,320310.0749156731
0.4109266685263996,-2.8801317237040385,4.062146722114963,354600,547067.7270486747
0.4089313418151339,-2.8810381822979374,4.082063225230824,353700,979991.3690006938
0.41256165505476766,-2.879708404762009,4.067827435471914,354600,738333.1673078195
0.4105850595335463,-2.8789458518750557,4.196783476111607,1432800,2829503.4231510013
0.41135558612240947,-2.8785188896376908,4.184620687859278,1433400,2642883.1660104133
0.4108699686991888,-2.878052589100889,4.144094809094286,1435500,2086213.8123677203
0.40945946654480764,-2.878828576233795,4.1666598016007255,1434600,2379912.7986832773
0.41007962203846016,-2.8796504501134046,4.009533764001427,355800,565465.9208505108
0.41097754928225266,-2.8805876723200523,4.094315601099862,353700,1213575.2382947546
0.4110949665513828,-2.8772134318734266,4.09149705534359,1438200,1328500.4735611873
0.40925245023349266,-2.8800861249918523,4.022563702316489,355200,252080.60044987395
0.40979800365021946,-2.880880097673785,4.08946671835489,353700,1053125.3476186628
0.40961330271528895,-2.8786763130331634,4.159759287331729,1434900,2380335.8472011136
0.4091366670569724,-2.881063668597743,4.088087338255198,353700,1017947.362319536
0.40852683084620517,-2.8807512305409295,4.05373293502416,354300,450325.28145890916
0.4118551386517052,-2.880703538320894,4.1200867927943445,353400,1570448.8767464291
0.41039021744741194,-2.8799893610983105,4.040626425922548,354900,166467.2033838501
0.41092733799235653,-2.881728924687243,4.167756693710178,352200,2234465.987131073
0.41102026145285986,-2.8807433642535005,4.105630132172844,353400,1308986.2459494905
0.40938953935574485,-2.8788821592635174,4.1687573118235255,1434600,2452098.2160633556
0.40992866638738007,-2.8805926747381356,4.072662760497716,354000,844507.3538035303
0.40949747870245756,-2.8801427637196806,4.031993914005876,355200,65908.90359476123
0.4104701113934392,-2.880261784641465,4.061400788075569,354600,570933.0006071567
0.40849047410242606,-2.8799143002620218,3.9930482073957103,356100,1248956.3644976893
0.4110093457882171,-2.8792119083555208,3.9985027363968495,356400,925472.2892013461
0.40949769315934426,-2.8811568810984975,4.101841513748541,353400,1330451.0376578586
0.41031417727829733,-2.8788411794323174,4.184649414392221,1433400,2566717.504513207
0.41037311358483436,-2.879939917133829,4.036777791901113,355200,86538.11050923714
0.4111784649139082,-2.881216180238064,4.1398952252398775,352800,1871573.9097000025
0.4099379085536935,-2.8781921842675455,4.134166183863772,1436100,1921631.3349539565
0.4090983925888035,-2.8795146164297725,3.9772530598556872,357300,2091019.638166489
0.41052799947897356,-2.8798565892291426,4.0342405702285955,355200,27412.860835025826
0.4100511418892354,-2.88098969515955,4.102084633747025,353400,1356637.5519581544
0.4097315993241454,-2.876896595944227,4.038741253291606,1441500,313807.3332921562
0.41025995979170277,-2.8801007734072233,4.045638056782662,354900,314315.7656007856
0.41003217775890605,-2.8797909396065187,4.01862153021873,355500,348463.90775124833
0.41109289009849115,-2.8790455603502,3.988203291624007,356700,1360140.3577447473
0.4101464342307917,-2.879750581805445,4.018263428413212,355500,300333.4811090147
0.4094776967680404,-2.880369582864895,4.047549740705303,354600,334439.7819033471
0.4091289426558126,-2.8798813054867125,4.004998382083163,355800,715227.4357000085
0.4108146668500454,-2.877826205374317,4.1277247872863425,1436400,1937683.1927518803
0.41002512043466294,-2.8787725669559094,4.17440128652532,1434000,2498401.191558715
0.4105497743667576,-2.8809221677436865,4.107847904363105,353400,1411027.4567337078
0.41121871443358776,-2.8799500142068823,4.055805647919081,354600,515698.25488905195
0.40928331176580296,-2.8800750517459806,4.022456409904755,355200,243378.34169463953
0.4079810169710035,-2.8806822852503546,4.037107592098029,354600,74609.83354874038
0.40978563161595105,-2.8781982161168775,4.131383039112851,1436400,1944926.920283112
0.4106124166204595,-2.8792910742771616,3.9953138696371884,356400,1085147.7262119432
0.411543910360098,-2.880307874973375,4.087246973377182,354000,1096386.534537986
0.4100440177824638,-2.879767887660518,4.017239147199472,355500,420904.9914912252
0.4104319603521201,-2.8817209514831648,4.157515588156597,352200,2186258.9247505795
0.4107433618026673,-2.8810941609866325,4.123167702219278,353100,1612351.22829112
0.4098123648687397,-2.879345835255897,3.981094173484877,357000,1816680.8376834595
0.41116753061080225,-2.8791231654413907,3.995609017217432,356400,1068298.0084417707
0.4105820070582508,-2.8791872230000224,3.986994225809026,356700,1441494.0263418509
0.40952877431863505,-2.8816612038567415,4.135716219459393,352800,1793447.6226246099
0.40722050967437623,-2.8805623279012367,4.011788022569926,355500,516956.6197420173
0.41049957488953787,-2.880817784265531,4.09985760974703,353700,1372496.9902556033
0.40805618501870056,-2.8796141982660326,4.189634565713147,1433700,2682198.531480754
0.41082802052948764,-2.8804485333709615,4.081774743389879,354000,953494.409278803
0.41008333091851923,-2.879618526016694,4.007330170414243,355800,665091.5313486059
0.4100129616792113,-2.8799751244338103,4.031363181519274,355200,40770.8914533184
0.411445404429749,-2.8799114041814775,4.057988650066533,354600,514603.78741305234
0.4095521170947547,-2.87983644702947,4.011223425046255,355800,556026.5349460212
0.40885203140844256,-2.878966626634878,4.163427102854091,1434900,2311098.8452142654
0.4097202525722418,-2.878993026517333,4.1826282632038545,1433700,2582387.824366655
0.4110982643821784,-2.879999481194365,4.056651302398237,354600,493741.7261696139
0.4110686983291766,-2.8817304909446806,4.1706177240469255,352200,2382323.8836465795
0.4120130132096318,-2.8792619477839985,4.024632953442738,355800,162532.81829282833
0.40911812742113346,-2.8803268653374032,4.036726461577099,354900,77948.82408089508
0.40991994727464054,-2.879391300360604,3.986931177303124,356700,1408538.2644345574
0.4112711582170711,-2.8804303119588153,4.089830826709038,354000,1074255.923420071
0.41092273416262115,-2.881545209137659,4.1559769317916775,352500,2102834.960857246
0.4101989282517614,-2.8818662893505036,4.1621955094190835,352200,2249356.4105220074
0.41133393553027925,-2.877209344908323,4.096363907130506,1437900,1414895.00429426
0.4118432675345689,-2.879944548160278,4.068793798909932,354600,698227.5730492438
0.4094358658609661,-2.879645088040821,3.9946528032370257,356400,1119057.3324679802
0.4111272546631952,-2.880233018776093,4.073378059754575,354300,838090.2370841275
0.41042385879141485,-2.8805143627299934,4.077755671059676,354000,907458.488817423
0.4094176463836824,-2.880381525554497,4.0470890222432185,354600,337385.00639686454
0.4096172980602181,-2.881230703725003,4.109229746966941,353100,1424012.7962416438
0.4114688669882512,-2.8777487717405457,4.136130708497864,1435800,1955358.461169192
0.4109956638549938,-2.879400121143903,4.01191638019845,355800,487407.5837209702
0.4109675228966896,-2.879917931839923,4.048134712728842,354900,335614.3925719606
0.41073930650716345,-2.879138261550346,3.986986286979985,356700,1460053.721665504
0.41003201151105406,-2.8791869847868417,4.20128204769905,1432800,2815676.501457829
0.41019925221537523,-2.879858303509294,4.02716961476179,355200,166168.08374586125
0.40831826210457794,-2.879173181328191,4.166196702469914,1434900,2372125.763599448
0.41069075216691037,-2.8796181703484316,4.020829113500905,355500,268338.2756229894
